x1,x2,x3,x4,x5,x6,y
-0.9928001312424863,-0.7479364365924491,-0.27056852741329507,-0.5196867660034395,0.24986886603113123,0.7970280542868121,0.21999089063562927
0.0607827513179864,-1.0,0.4127356180404051,-0.7053106947180166,-0.8483316483343097,-0.6205295923178895,6.941587251579638
-0.809183076277781,0.005833340592573122,-1.0,-0.4022521204615662,0.5914197535226628,-0.7928084362169137,3.714856162294753
0.6858325172426702,0.31256657062620263,1.0,1.0,1.0,-0.06454110207768889,-4.007512498958129
-0.935172623088476,-1.0,-0.4698279654719941,-0.3692490703475162,0.6622283401292746,0.8814785500290583,0.34836635735405685
0.16082912419234852,0.2298816818138798,0.7332240208353238,1.0,-0.8502423376747829,-0.4859587484724665,1.1829532889234744
0.05962692711913099,0.07155103913253757,-0.8294828669876944,-0.7328215747522675,-0.7859036916103412,-0.10621359405590591,0.5461599608688634
-0.24251692384599965,-0.04164804802103528,-0.7466447556678837,0.0703794986409495,-0.7581862454589546,-0.3712724232184023,-0.9311970212516336
-1.0,-0.33480739656778336,-0.06826951264236969,-1.0,-0.25961338695039116,-0.30792439573492575,-0.0923662928364197
-0.4675502582706499,-1.0,0.4430074508929297,0.9523632294502391,1.0,0.8112723563710498,1.6964573971979222
-1.0,0.02232069895769391,-0.046244571673812684,0.06621865471517584,-0.8797507086871096,1.0,-1.105228978245638
-1.0,-0.24657526677023966,-0.0957611253282642,-0.16903722040147673,0.8056757134192403,0.7703696553907284,2.9059963345511655
1.0,1.0,1.0,0.7594504444021103,-1.0,-0.26266112528373664,3.724836976378909
-1.0,-0.9971788057802418,-0.2847621761544923,-0.5864748938880473,-0.9864730731535902,-1.0,2.8825734826465856
-0.2885695752463139,-0.1808583303938649,-0.13662511481127546,0.64725440311024,-0.5144515535236273,-1.0,1.0511481288260212
-0.9120253399494445,-1.0,-0.3479912241293317,-0.571554144154949,-0.7478361863078388,-0.3157939048622801,-1.0151480366610133
-0.6241846729567158,-1.0,0.804379526810307,0.6195727938529758,-0.4446139941340952,0.33421974228529905,0.586038494247017
1.0,1.0,-0.5977754230047223,0.13804623762097373,1.0,1.0,2.652291735258393
-0.05273618261294799,-0.8781642280364872,-1.0,-0.8944161558166428,1.0,0.6492639066939332,-3.180822519971577
-0.6091624659472336,-0.751509883522766,0.8383243830533351,-0.5352828832496848,0.09283068579641363,0.14577420517482442,-0.4688288331643045
1.0,-0.5724005320480215,-1.0,-0.9671515456211245,0.7769057554188888,0.22236131175618357,-3.281662705967247
-1.0,-0.11968144685542093,-0.6622629188525242,-0.3208693520931678,-0.462703539327747,-0.2003978740849457,-1.606090298265414
0.947058897290682,-0.31384421682046404,1.0,0.8326135949612995,0.7429932239111401,1.0,-4.73826930571941
-0.46039567266872017,-0.9952158157327415,-0.1504565336923469,-0.8858050664795607,-0.09910960665287505,0.010654058270211042,-0.9708488852783549
-0.42179609560805886,-1.0,-1.0,-0.6556567966340942,-1.0,0.1996385228755374,-1.6658545666703461
0.39584111618374607,-0.2631724931484728,-0.7172447263832404,0.45680895019600315,0.6240251124441324,0.4686203149576773,0.5582439114021474
0.6977149998950729,0.04322317287411809,1.0,-0.7508307322582399,-0.2655865677029795,0.4870773923131957,-0.8727386451844731
-0.1368963215103868,-0.04580981918688199,0.9726806732797263,1.0,-0.7204050003915637,-0.9943391011765901,0.752986659781337
0.038206649682675564,1.0,-0.796636614691462,-1.0,0.10724570290355517,-0.41637796785027675,-0.6540662866491697
-0.10361931892864629,0.22758997667949676,-0.5784232485699583,-0.3804742158539718,0.82593979353236,0.3239714922877067,0.87066609853206
0.5763957782523412,1.0,1.0,0.8447034929242518,1.0,0.08118641191051357,-5.858559212541143
0.1353935691362027,1.0,-0.6697333935282328,1.0,-0.22030163724227403,0.0384823402214195,2.038714397398444
-1.0,-0.08624301930702372,-0.5829696322719113,-0.6714992204702445,-0.1743509600257649,-1.0,3.680289041317934
-0.35094009375751645,0.25797267453782036,1.0,0.5736245930180279,0.0939389167954292,-0.7038540664652715,0.9637651860046796
0.7509534465710049,1.0,0.8017958373532259,0.07189388979890343,-1.0,-0.5107418355136899,0.39899514266531344
0.2797211172503906,1.0,0.7284202562820945,1.0,0.4009092327638273,-0.41098553364721924,-1.877778923084296
-0.29573211152850093,1.0,1.0,1.0,0.849882057078867,-0.9195739644392898,-5.444744609827305
-0.6626176288442147,0.021735402827016165,-0.6937086443910199,-1.0,-0.586187779887251,-1.0,1.799712317415993
0.0812189931686503,-0.504681449039841,0.3436353584355758,-0.48291853056640266,0.22835268963008623,0.989098482366542,0.1932737296821263
0.47325736010320035,-1.0,-0.5499636055605164,0.24246242162493503,-0.6419788387004912,-0.9185754535947965,1.4837586119568233
-0.21648349320997773,-0.4706088132112853,0.5121513989529347,1.0,0.34692144810549697,-0.5258046258840972,-0.1624644883637908
0.9632275775207229,0.6966916873524731,0.607872075176942,0.2997321918021023,-1.0,0.5411041764877882,3.4289860142534923
0.5214741607834779,0.06645939296409797,-0.36778957762827025,0.05550922449614548,-0.6940974288024165,-0.5234267296325837,1.7637491402938068
-1.0,-0.5940731333507322,-0.04078042121160519,-0.4321345860862108,0.47501756208406376,-1.0,5.928341275100445
0.9678701130826093,0.9732761842828703,1.0,0.2797507959955108,-0.1026200078392582,0.2937861705088476,-2.12980915003376
-0.35587999087129984,-0.6506315081926691,1.0,-0.9959004426760298,-1.0,-0.28450812141731396,2.5833774598357726
-0.5168691706814563,-0.688824389520956,-0.6178548401353273,-0.8144289315508442,0.6580538533346536,0.10240944743414904,-0.2851419653867082
-0.91167619665292,-1.0,-0.8439803380959807,-1.0,-0.14362859091908575,-0.14346035876773977,-4.9487927288048175
1.0,1.0,1.0,0.9352644078867427,-0.5685964000552561,-1.0,5.991575309024334
-0.6274524448777554,-0.4071028381070314,-0.2600118141600283,-1.0,-0.3324663533258648,1.0,0.9859408686945518
-0.7389394889706721,-1.0,-0.4157366426421455,-0.3586776670593027,-1.0,-1.0,1.4035814301757943
-0.6128036745068525,-0.857810425179417,-1.0,-0.9173722792823726,-0.44180773966675413,-0.5042828019400809,-0.8069222244715614
0.44947911269128893,0.3253920879756831,-0.6593608406251612,-0.21637103321085593,1.0,1.0,4.084174565275457
0.9228354330256159,0.0503063145529995,-0.6285133231281346,-1.0,0.3332138251197123,0.168445680311749,-0.5806302427933799
0.7446377130272508,0.9988090232203766,0.842142351321411,0.8523898586727809,1.0,1.0,-5.219780218689862
-0.4052253743370292,-0.007370835693343958,0.06578332376010299,-0.741716124620327,1.0,-0.1694636027227757,1.8288667834865047
1.0,0.8873602158510556,1.0,1.0,1.0,1.0,-9.390805301692497
0.2038519030901228,0.9749040717304266,-0.6796914726778647,0.6010070756101862,-0.5815383177146702,-0.8282737191981582,3.6661059873981103
0.08795149533123958,-0.009258702369547317,-0.540041561480282,-0.07252703772528088,0.5233839989369833,1.0,3.935316529325367
1.0,-0.46740516093633455,-0.8215206907511899,0.705635519313557,1.0,1.0,0.04324271963938331
-1.0,0.020085896545649795,-0.0007765536516594618,-1.0,0.2698021767959608,1.0,2.069861767054759
1.0,0.3638439140888772,1.0,0.13374454831197635,1.0,-0.2680777822492346,-3.1876984346014754
0.7325538538745813,-0.16240999627953645,1.0,0.08126329678828093,-0.004036363431610734,-0.766072752263568,2.4266203499366172
0.516038664186558,-0.19706155931722652,0.17181580842140978,-1.0,-1.0,-0.5884712209533236,4.556618445727063
-1.0,-0.2629732163818901,-1.0,-1.0,0.02311585251452497,0.01092285637975196,-3.2585862274809063
0.3432543880139563,0.9153232694819735,1.0,-0.3306556130019517,-0.6022620092655036,-0.6966763195065642,-0.5406247375821948
0.08117588631864889,0.17659743503999703,-0.5993632587618143,-0.8309869276652073,-1.0,0.4190289950231313,1.1192917836526224
1.0,0.1482304270334367,0.4600075398495733,1.0,-0.6110006098696317,0.9237737352543767,3.130549926315852
-0.31339256660252995,0.5547683116712466,0.18971672416020613,0.23135493996137568,0.749807438400576,0.5331381994802549,1.38292660446451
0.5357738453465535,-0.7683729480318251,-1.0,-0.6188061535923373,-0.8523515149540247,0.21369053051651435,2.6821269874512343
0.019002877405888963,-0.5187678230619662,1.0,1.0,0.2760360672110935,0.9254815172062966,-1.4905525420962595
-0.07126551856214877,-0.011463143574728774,0.2705599061699977,-1.0,-0.21797744364119992,0.6924301444316843,1.0709520671692592
-1.0,-0.8603380838890995,-0.6140422333570238,-0.7589734325784461,0.6228396427575,-0.7246237487967395,2.8729001311866815
1.0,-0.3917223183587738,0.6380063061186398,-0.5390658049758149,0.6482289638206975,0.6837385016243315,-3.5502555326448366
-0.6848300422881237,0.9412071739053556,1.0,1.0,-1.0,0.8895459127918125,-6.964495542544879
-1.0,-1.0,-0.5107452975725152,-0.3803048158690995,-0.19257173242715026,0.9338550344545815,-0.770897259985844
0.942042177633246,0.7340920973949523,1.0,1.0,-0.24588562336037825,0.98212925259857,-2.157054942532482
0.8322663976777354,0.06594628366490182,-1.0,-0.3495874141057797,0.30836183116409016,0.43537917960591066,0.4910357993459262
-0.5611053716720482,-1.0,-0.41899601787227697,-0.7557502447901662,1.0,0.9160235738196982,2.031245369344717
-1.0,-1.0,-1.0,-1.0,-0.7205619962344907,-0.6411642378545845,-0.6614099435372981
0.07290398735537834,0.3524401958813635,0.42441504619236287,0.3697814707192606,-1.0,-0.641423789053726,1.4152804493832458
-1.0,-1.0,-0.27844573641259607,-0.9615241826032058,1.0,0.34057800968513674,0.578535975327414
0.7565318095113431,0.5278987344690118,0.11895788237709211,1.0,0.10026467580237663,1.0,2.078309142519399
0.08453285075733419,1.0,0.06121404045186485,1.0,-0.5766221993537917,-1.0,4.459900106760621
-1.0,-0.8170413448152414,-1.0,0.6021636765063065,0.832891036705657,0.5452128433820806,-1.5384119091973074
-0.7874532373109088,0.44809482164442893,0.16124537623686197,-0.8943854609191535,-0.3111655527641828,1.0,2.221068107412051
1.0,0.719802572536824,1.0,1.0,0.8339836265241871,1.0,-8.174834723231154
-0.25524600368115347,-1.0,-0.7544248604278463,-0.15280075432565005,-0.6437910176937575,1.0,1.7162004826691346
0.0756034419981747,-0.9397039619822851,-1.0,-0.7252910574448408,-0.4499099740009448,-0.7848906941636292,1.3230271827867999
1.0,1.0,1.0,0.8630250798193917,1.0,1.0,-9.466938367288396
-0.6823271013865231,-1.0,-0.17845911531862257,0.7988284751004437,1.0,0.558652929039427,1.0109883530787838
-1.0,-0.8030095282779364,-1.0,-1.0,1.0,0.6767441779845818,-2.7687881473630656
-0.20793323138096872,-0.3357490345089602,-1.0,1.0,-1.0,-0.9965667549676323,0.4014841923904887
-0.8175640643716042,-1.0,-1.0,-0.9068836909822897,1.0,0.35184478432083366,-6.055678126812069
0.624773092210705,-0.1289773582887771,-0.09739758229407916,0.41313669277324544,0.6638432921485342,-0.6291380120632448,0.9824450348702904
-1.0,-1.0,-0.06319677672175372,-0.545676665238499,0.13691547906301027,-1.0,5.97421356093781
-0.9935448928566599,-0.4369134906568918,-0.3233216859004857,-0.01304784249781199,-1.0,-0.9659899171530295,-0.09089902273695516
-0.2764221064939148,-0.2949254310388973,1.0,0.6094094359526844,1.0,0.8299085962585258,-1.6289696671537133
-1.0,-1.0,-0.6233410073768442,-0.6875317464888067,1.0,-0.39933463593538543,0.545585245457594
1.0,0.8662100661949323,0.9975677440885737,-0.8341094564407328,1.0,1.0,-2.1882761603895102
-0.18456157101441917,-1.0,-0.7359571321407001,-0.5436869696071847,-1.0,0.16721141123109903,-0.28726793979077886
-1.0,-1.0,-0.7209160038914219,-0.03217359063237035,-0.9597991932194136,-0.9477983818927012,-0.40948590360073966
-1.0,-1.0,0.6436079479428541,0.4016256051005949,0.3794315826426735,0.11080778234227823,1.6618143487401076
0.7889223713172243,0.6123367381331082,1.0,-0.5606778354774782,0.8621402325928194,-0.1261911299338716,-2.1360774483354676
0.780513968279787,0.1604617083500247,1.0,-0.022972438603461376,0.19787053348391503,-1.0,2.0147609471606214
0.25682805246123497,1.0,-0.14404232977119058,1.0,-0.6295393827503852,1.0,4.834623484777166
-1.0,0.19305410567442127,0.12599932197406938,0.44826932104446243,-1.0,-0.4672769578197974,-1.1479305436937215
1.0,1.0,0.08681746558471543,-0.2072848042944777,0.45406347152237514,0.8255336302173009,1.3892481740631615
0.8720877472629236,1.0,0.34855658659114286,1.0,-0.7458384303089227,-0.3199747860924764,3.960868141054853
1.0,1.0,1.0,-0.050803332952041313,0.09719627291823732,-0.6233566183432593,-1.6423197196308925
0.6397133989925715,0.6994827042917089,0.3263346155333232,1.0,-0.07569724403996181,-0.6290597442390455,2.1176066312025235
0.512598708306329,1.0,-0.07060974849401458,1.0,-1.0,-0.3409876031449762,4.496749550161377
-0.9133546607961617,-0.9083743367262755,0.22902512019491278,-0.974327200189786,-1.0,-0.512452099631584,4.708150142146745
-0.15269411010220268,0.3772718592080548,-0.8984218158783178,-0.27325739070922056,1.0,-0.08158928970017454,-0.7966161307632849
-1.0,-1.0,-1.0,-0.9816884834554509,-0.5149141268643804,-1.0,3.7201764970595095
-0.19759231482080486,0.1924606389169503,-0.377937394537805,-0.9293515266259095,-1.0,-0.7421551884363473,0.8109580005300445
1.0,0.9734675505556704,1.0,1.0,-0.5359024314156549,0.5822699241108098,-0.3929749521892944
0.6158690287656297,-0.9190999881976363,1.0,0.554566815343607,-1.0,0.9889491754028996,3.569372987144383
0.8837386561197349,-0.1705156521001283,-0.13724914650091274,-0.005188621008187233,-1.0,-1.0,6.316565626279816
0.43318389810493396,1.0,0.10378845951194893,1.0,-1.0,-0.7323682916852476,6.047925082758372
1.0,-0.33320638791942647,-0.12565720564708605,-1.0,0.515344798563744,-0.5480164001319586,0.9451545986100927
-0.5127640208082771,0.8445292401422557,0.7654439307564225,-0.8324129802215692,-0.4483740159693126,0.2683572847747072,-2.2431715289618563
-1.0,-1.0,-0.8319864797293557,-0.319032212751442,0.38419980664429176,0.6691427598037085,-1.6225205265969702
0.2368262953595124,-0.6801963809116977,-0.6395949075185804,-0.9218044586854994,-1.0,-1.0,5.014102524212266
-0.6840364942459833,0.01954505730169212,-0.026960513211692128,-0.2231355046335668,0.41976493342376553,0.23891132693214506,1.4324245356825385
-0.9775220937303135,0.34519079195549385,-0.9057449253818581,-0.307994577525396,-0.5306999942349153,-0.4256607790027449,-0.8173305094423037
-0.41798769938502023,-0.5165241105845753,-0.08874341720378931,-1.0,1.0,0.758359355374848,3.3890895320662433
-1.0,-0.3372231644661501,-1.0,-1.0,1.0,1.0,5.8788919598456655
0.43207527704922916,1.0,0.39391860774655474,1.0,-0.03434124755794099,0.29826829578293285,-0.669879221350839
1.0,1.0,-0.06678295676906676,0.041937508446521055,0.49225960663604507,-0.7019830970044622,-0.516904775938136
0.2843517869500666,1.0,1.0,0.19226778029108615,-0.6960563357356436,-0.23194679210179756,-2.4780957969560884
-0.3857255241271052,-0.8057832178100738,-0.36593029988945774,-1.0,-0.03257438485510278,-1.0,4.5527556095189485
-1.0,-1.0,-0.8940785095248368,-0.05224673494348614,-0.589914320608181,1.0,-0.02206203231993442
-0.08863915367151129,-1.0,0.11999978904464426,0.4741370785162539,-1.0,-1.0,4.086775310212294
1.0,0.09394595586305265,-1.0,-0.9393698572757168,0.8980177571846649,-0.6866558204068944,-3.2351970073045284
1.0,-0.37110918590509473,-0.5004562735005345,0.6015230481835969,-1.0,-0.7028820625367231,4.8704472486511206
0.5225635154225625,-0.38859215114932577,-0.979662441814028,0.45131398818570584,0.04739134511477405,1.0,4.417316156694897
-0.33646840387262955,-0.5688555747624855,-0.4991034794433491,-0.7250192153562669,1.0,1.0,4.504550199546476
1.0,0.32529671866478393,-0.5158939736013433,1.0,-0.11961370937837373,-1.0,3.9766673039678166
1.0,1.0,0.00716692251277995,-0.33453710661325103,-0.05379528841700213,0.36706700573396916,0.5011638914325363
-0.17440466810450067,-1.0,0.3394422835699116,-1.0,0.06752222482028913,1.0,-1.3849803394671871
-0.6138877615154824,-0.31638386375493566,0.005401819968485433,1.0,0.06356176656223989,0.17884137062327277,-0.2645515469079503
-0.3608336557075814,0.17108187931139085,-0.38741520545027236,-0.1349015933952894,-0.5246228116248105,0.8222103174894353,1.4518160151050254
-0.7064901236915693,-0.8430449463330982,-0.971120816037992,-0.27275331910088063,-1.0,-1.0,1.51137218564999
0.399246914374653,-0.200054051888793,-0.5852684676960269,0.2628069832907099,0.011304013325357798,0.6237578427739447,2.2340957048776793
-1.0,-1.0,-0.9329227208250751,-0.4955988192926595,-0.1909067911354556,-0.1478890519555106,-3.659169847989342
1.0,1.0,1.0,0.862030755204652,-1.0,1.0,2.971863062691982
0.3756239208859612,0.206911246864525,-1.0,0.5012719439264208,0.4167443526449567,0.38279263664817076,-0.1297840993025592
-0.45482669532672976,-0.17255812636680296,0.1455892539163413,1.0,0.7657969244977401,1.0,5.534298012589905
-1.0,-0.04028218074618861,-0.5425888719413905,-0.46494071304273243,0.09488762243735971,-0.8811191835060423,2.5913280476383997
1.0,1.0,1.0,0.9666576443701083,0.634656985768547,0.0018452612313095695,-5.2055659116843485
0.29589772100010214,0.004155231984108498,1.0,1.0,1.0,0.4517626556600987,-2.5568006649361283
0.04701081999493095,1.0,-0.4697675670010117,1.0,-0.4831205157403603,-1.0,4.9523335893075195
-1.0,-0.44181380123987957,0.6634577638263761,-0.10515026543602579,0.2209108102813837,-0.1360457756628397,1.4177957967066779
-0.7432866595908306,-1.0,0.30993861142371815,-0.6672915851322546,0.3519842340607824,0.7731401542317577,-0.3262958363050365
-0.29477424916556794,-0.5216799921827622,-1.0,0.9186255775113343,-0.09602652182587601,-1.0,2.0774225544284923
-1.0,-1.0,-1.0,0.32696538684905585,1.0,-0.4244319164841058,-3.3359768759693518
0.8218164933725332,1.0,1.0,0.4529823579795609,-0.12822047102933598,-0.559867182134102,-0.7196865757581785
-0.021894577864624704,0.7022397184622008,-1.0,-1.0,-1.0,0.21526521337600524,1.764816084168229
-0.4858445515150058,1.0,1.0,-0.39144825348279144,1.0,1.0,-1.3543865459443534
-1.0,0.11896570429319364,-0.21809821204764235,-0.20596597288020935,0.72280247305411,1.0,4.642379464180065
0.9276830017623598,1.0,0.6283121362789847,1.0,-0.507621009313236,-1.0,7.337494239057319
-0.6433538416445076,-1.0,-0.48099090728712546,-0.3885674762500112,-1.0,-0.11194514631057406,-0.9650714628145683
-0.16007464389666076,-0.5078300959119246,-1.0,-0.08074356977839248,1.0,-0.8878917604218788,1.0757029256719026
-0.066239596052865,0.8673156972379082,0.9007232161826781,-0.5755371921686933,0.6679668559426184,1.0,1.0326292732065623
-1.0,-1.0,-0.9852279612245958,-1.0,-0.15811398033718269,-0.8261225613183218,-0.5794186845605939
-0.03198377700540811,-0.849750665623416,-0.5879801116838738,0.3870275810999659,1.0,1.0,4.72471866410637
0.7611230646179725,1.0,1.0,1.0,-1.0,-1.0,6.6886691550724935
-1.0,-0.2250114318841303,-0.9124066667151627,-1.0,0.23559878864682143,-0.5167863316283174,-0.9709526273721166
-0.15802620197226325,1.0,-0.41126688625341,0.6714662592878005,1.0,1.0,7.090926295308522
-0.23158631882553782,-0.9823918895317358,-0.3463918271176245,-1.0,1.0,-0.5995566780401178,3.6126466921423765
-1.0,-0.392133736942063,-1.0,-1.0,0.1422800863639586,-0.6377576827224228,0.7587040840992867
0.43947871276608447,-0.8099114112884562,-0.7719349352755369,0.11282423252163909,1.0,0.32573897059346624,-2.6315175135514592
-1.0,-1.0,-1.0,-1.0,-1.0,-0.19703582953658633,-2.104047117096856
-0.26111648209023075,-1.0,-1.0,-0.7290969504794598,0.2101656483103247,0.4657872226879931,-3.0754740266364364
-0.737713577017272,-0.8120269927717385,0.582548425404247,0.2102439138195048,0.18222950893785195,-1.0,5.122039443341744
0.2625704808318061,-0.9847370996101703,0.25662064305112486,1.0,-0.5288864422122452,-0.7198389962632266,3.1248033518591627
-0.782154231021496,1.0,0.06248781210826798,1.0,-1.0,-0.8805667082893565,2.8895894423901853
-1.0,-0.19789359746368662,-1.0,-1.0,0.7138143669635605,0.1852042875059582,-1.7852737737975022
0.3208396143996728,1.0,1.0,-0.29617762454661567,0.08190054916908496,0.333093844163035,-3.6706372617972143
0.362927662614408,1.0,1.0,1.0,1.0,1.0,-6.991677728573305
-0.11758479802886711,0.9539867037774626,1.0,1.0,1.0,0.06831275816913362,-6.525263668174815
-0.5783320850918896,-1.0,0.5278891952688136,-0.3664143180243018,0.03206831205863081,0.4280139696005339,1.1113167947113187
-0.07570307119093714,0.6774213362559153,0.09073022024036628,-0.1391142221021172,-0.23002673650434569,0.07847083935360419,-0.14012940804604046
1.0,-0.41518807865533963,0.028399278971124264,0.505954104931104,-0.14141128386024965,-0.7429334427321929,3.520195282951246
0.6711533309953073,0.35002817829968513,0.9114350307497266,1.0,0.15106424888782216,0.08077375455447766,-2.9049904108303224
-0.16218663436033987,-0.8148985657345775,-0.5130616452555868,-0.016647998410945775,-1.0,-1.0,1.5986867692141986
0.4701786142487759,-1.0,-0.7472904920164218,-1.0,1.0,0.10155973355165715,-2.7349109564154035
1.0,1.0,-0.321709670572882,-0.0529247338438078,-1.0,-0.23675022019197609,4.6440338356151205
1.0,1.0,1.0,0.5378064743595092,-0.08080384254591044,0.4301455416703652,-2.9611558701569765
0.4772342709599091,0.3106768289812746,0.18407454926533706,0.46766404410424467,0.2282252660726244,-1.0,3.475156568004262
0.4361927852891283,0.46748500199857124,0.19899497891454687,1.0,0.3801842568227147,-1.0,1.1087333434589026
-0.7920990679829361,-0.7404077739986195,-0.338225809955075,0.1500734406108023,0.016649765785669512,-1.0,3.278492247843063
1.0,0.6866184531205485,1.0,-0.44976899452652497,-0.931820610228372,-0.8784138385878264,4.524239162541428
0.9801190721907825,0.9001145516101889,0.671072432162225,1.0,0.3593415123960719,0.7574066858284165,-4.069320305753281
0.21949001462137124,-0.42088916072765437,0.29495453453476794,-0.9194920071730779,-0.7215536104983795,0.7927356517653628,2.474760680329971
0.5180511781468573,0.33359313539960844,1.0,0.3301191859769152,-0.8876873810434884,-0.7030502746801097,3.264206416330877
0.08558711033312794,0.15766471061611353,1.0,0.5257881810357306,-0.355404997894035,-1.0,2.130689604644275
1.0,1.0,-0.017574951550777484,1.0,0.7327772515319776,0.27034826494878694,-1.8150219151818263
0.28764241762820675,-0.8191991999684199,-1.0,-1.0,-0.7165165234347758,-0.23057152497751932,1.0396407122506521
0.9382506935056398,1.0,1.0,1.0,-1.0,-0.3948298880612049,5.196619143318804
1.0,1.0,0.5116268699028325,1.0,-0.6222435182387782,0.18106200206732032,2.4633024407595534
0.9302715325920854,0.288411104389823,1.0,1.0,1.0,-1.0,-4.254603694093634
-1.0,0.970885532575659,-0.5609801700145922,0.9348366787335499,-1.0,0.1821911551139055,-1.1866930342733175
-0.8211859197028275,-1.0,-1.0,-1.0,-0.5040168040499954,-0.11000344751347224,-4.770679219302097
-0.32476420000735884,-0.40075607709855654,-0.09502731169684614,-0.47780348284688584,-0.6273595942799441,-1.0,2.8723439446824095
0.4798561506543412,0.48698101363862795,-0.3193381469409054,-0.051798342567386746,0.5826092127027013,-0.6877415339197013,0.04914169555173997
-1.0,-0.8133282233340131,-1.0,-1.0,-0.3329777586281847,1.0,1.2841490832226448
1.0,-0.1224621217398193,1.0,1.0,0.3283490322913267,1.0,-4.949918167556666
0.25308951709631,-0.41979395851234474,-0.996393438910434,-0.19373642410486283,0.9745484811066734,0.8858498969034025,1.9564944982358763
1.0,1.0,1.0,-0.358778652127824,-0.2059344711605929,-0.19427632350553,-1.6594654568179608
-0.42088170899749033,-0.2456853064400227,-0.4437372865964184,1.0,0.7621334293232577,-0.6910540176116519,1.133097891838775
0.7283722827868746,1.0,0.8167112401450161,0.535400236292743,0.27856306102624784,0.22914142562167883,-3.962269245195274
0.6951616078439449,1.0,1.0,0.11303022767912307,1.0,-1.0,-4.090132344361187
-1.0,0.019903426270259983,0.4555386930645995,0.16216630683629973,-0.3748182876094972,-0.28548513999642344,-0.574664647247424
0.19592513031906716,-1.0,-1.0,-1.0,-0.3020855831005167,-0.6376219278874248,-0.04926781455314361
-0.428915808416057,1.0,-0.18215168920674737,-1.0,1.0,-0.5486281645285118,3.114587777683741
-0.22043501881016192,0.22206890933731305,0.09544453275230957,0.19938828172002765,-1.0,-0.35757660928960733,-0.1870871763626012
0.3735516148674694,-0.30763167142656245,0.05398762223557141,1.0,-0.07463116344540976,1.0,4.008550917366321
-1.0,-1.0,0.07027212925379153,-0.22268032982369002,1.0,-0.7411637277113339,5.48597236310694
1.0,1.0,0.6725906870618945,1.0,0.4369779486832769,0.5425090187976755,-3.529198168140601
1.0,1.0,-0.22237895882396286,-0.4079362040828728,-1.0,-0.23837235118730427,4.152849357000756
-0.5051814510463313,0.08459514723926675,-0.6627431155839957,0.6825573032138315,-0.25041801120922447,-0.6274268776476473,0.19426205007233138
0.44877374136377235,-1.0,-0.5620326199255697,-0.9181466560523679,-1.0,-1.0,9.708800378135106
0.6179021148347383,1.0,0.2867740634117555,1.0,-0.09767915661403632,0.7246595501635836,0.6991667515030862
0.1250967000255334,1.0,1.0,0.6191212789563334,1.0,0.8822415074220488,-4.00101345334585
0.6726778895409895,1.0,1.0,1.0,0.0276139505864752,0.8917117839983151,-4.914047092855068
-0.7352137875930187,-1.0,-1.0,0.2076546724503367,1.0,1.0,4.535462576437551
-1.0,-1.0,-0.11958878622001046,-1.0,0.9370249268473103,1.0,1.4304388267088421
-0.792748271317847,-0.27460248647512475,0.15756354136755568,-0.030060269066927492,-1.0,-0.5678456335197881,-1.3261521371221898
-1.0,-1.0,1.0,0.20002640961474072,-0.4701381775347133,-1.0,4.7403073432783716
1.0,1.0,0.4392364277276426,0.20634602432233987,-1.0,-1.0,6.050734399570656
-0.041653361667238986,-0.7300415151357118,-1.0,-0.05668106067131412,-0.8211037929720593,-1.0,2.5016572690572056
-0.8800932761388794,-0.9577096007040737,0.3219367788458041,-0.5346689096406015,0.715847168131735,1.0,0.8511574344276671
-1.0,-0.8213486964997613,-1.0,-0.7708460969429753,-0.42320950888405146,0.8219455504857005,-0.2714552299820343
-0.12070505944172094,-0.23144035812660624,-0.0485931843171552,-0.4331517821165439,1.0,0.07489849465112874,0.6050184532470981
-0.8069255829531896,-0.01761509120737248,-1.0,-1.0,0.09294850776472863,-0.3217489086591484,-1.6152750135840113
-1.0,-0.9875798761545291,1.0,-1.0,-0.2296618138545552,-0.4775480957419458,2.8824057665708174
0.3081839396602455,1.0,0.9079477540151988,-0.8334564126691255,-0.26144805517234837,-0.5763197135486495,-2.2035046116704082
-0.32261644514582066,-0.1845651581616803,-0.07693932771210135,-1.0,-1.0,-0.33821846728240607,2.6743805739050392
1.0,1.0,1.0,0.8059558071464976,-0.5425120174438294,-1.0,5.429212890987255
-0.49593183059781243,0.5361014414907026,-0.9287762956453531,-0.646840559738057,-0.8449484505442015,-0.6050323176619863,-1.0114806579963571
0.1979219420980743,1.0,-0.21284603683723208,-1.0,-0.47673698821477184,-0.5251713471241419,1.4068189225737275
-1.0,-1.0,-1.0,-1.0,0.8047206704938782,0.2516340039975911,-6.958306338840133
-1.0,-1.0,1.0,0.16354830132394554,-0.008471072971842308,-0.33495435279700303,3.3533066513117213
0.6900191392975428,0.5646575374722265,0.2870039902345527,0.012057645995626198,-0.3336048247308777,1.0,3.4591952101039567
0.09326558495457693,1.0,1.0,1.0,-1.0,0.628848011192749,-2.2578368525676002
0.24347413777497007,-0.9635830505887866,-0.12029916641275418,0.5848141889943832,-0.14480456196483038,-1.0,3.3829225571426647
-0.3583212510607079,0.22748776667942,-0.5819245477200964,-0.6581454447164987,0.6094664037166733,1.0,6.663710455406228
-1.0,-0.6564444055662582,-1.0,-1.0,-0.8290479171599335,0.6674378955139879,-1.5224868527759665
1.0,1.0,1.0,1.0,-0.350237934019911,-0.0778852535571596,0.4584757843935217
-0.3819298822501569,-1.0,0.45748012828083806,-0.7025151333350315,-1.0,-0.5179331641064491,4.778629374778382
0.4805130547977454,0.5882513341660296,0.28647903928150864,1.0,-1.0,1.0,4.671379499200357
0.4038906755654549,1.0,0.17171466220967638,0.1720886027337041,0.3027917055326136,0.6453889653960866,0.9449152865851098
1.0,0.7354810202277606,1.0,-0.07483200910149601,-1.0,-0.6700256068515217,3.8086982003912566
0.8702727963682769,0.6275715060182397,-0.01428257281990783,-0.3276646484058444,0.3835351418113733,-0.07708905328984222,-0.4319905810079946
0.24235710655725384,0.1786168301194404,-0.828183235717551,0.05374206596045278,0.6779845591372602,0.4657747573488187,0.20210447586484087
-1.0,-0.922508282254906,-1.0,-0.4087492719741045,-0.8275265227255811,-1.0,2.0827645170185103
1.0,0.5402529724075298,1.0,0.19030237989596288,0.8996883260745354,1.0,-5.883424463081219
0.498359123265671,0.012709776723863309,1.0,0.06248369576549506,-0.397135136562904,0.17889610447624882,0.9934816303344257
-0.9446093105154938,-0.04176345767184719,0.3253362232513912,-0.17751560544352438,0.5389262482822934,-0.8407106039058698,3.6348220920177847
-0.735873812448728,0.07288778696442605,-1.0,-1.0,-0.042885970827150066,0.18551020924473394,-1.3495032212099627
0.2668261609968138,0.17283052712189795,1.0,1.0,0.055956135083943925,-0.4811510297811645,-0.47290764800227647
-0.5395512173384238,-1.0,-1.0,-1.0,0.6196647613844563,0.23470013826024072,-6.309987337672
-0.933452280516399,-0.5873344559613968,-1.0,-0.7674353027412197,-0.9137398114982699,0.213748169751226,-3.1240166829418246
-1.0,-0.07635147456999891,-0.982775169510781,-1.0,-0.08080117903115913,1.0,5.056385638538981
-0.21242528838232888,-0.9048445376443129,-0.8556567066577216,-1.0,0.5030276799220044,0.46834975141553525,-3.9505011747319525
0.644405426796654,-0.40016368120251056,-0.4184228214880498,-1.0,-0.9223906271073812,0.5761009769564444,4.543011898480963
-1.0,-0.19441006413215026,-1.0,-0.6761086165063234,0.5937891751354671,0.11139629137696383,-0.8184891393262641
-1.0,-0.7476069350991312,-1.0,0.5874854330273738,-0.6242800481380424,-0.744682611893686,-2.3397338083463777
0.235807601573306,-0.4517401960855831,-1.0,-0.20997009442436565,-1.0,-0.38785293375542085,1.2994086569836913
0.06894796223944955,-0.28871130787838895,0.05540410214901162,1.0,0.36585693825864984,0.2979740432184683,0.05241885473290836
0.5507366190624302,-0.04733935691242941,-0.6619990415847994,-0.8740650553406497,-0.5829939896930807,0.30609684920207314,1.1393818650560712
0.1204982081332402,0.47358051790825373,0.6003733774082703,-0.618868213371169,-0.4313031482209441,-1.0,1.692586931367395
0.3665315081676977,1.0,-1.0,0.6606567574876179,0.4215277740948664,-0.9262112115650589,2.714697847983695
-1.0,-0.2752231190649153,-0.28320810253474293,-0.2005131200665929,0.40695543089869723,-1.0,4.746262006162155
-0.8367239582125428,-1.0,-0.6352128247416283,-0.47713140600267134,0.5633530635886796,0.07186154743926365,-1.7477671405184794
-1.0,-0.5928621117293769,-1.0,-0.9772815590117161,1.0,1.0,3.996167148383179
-1.0,-0.8682014766368717,0.2477095035858523,-1.0,1.0,1.0,1.743743639708697
0.1833537337888087,-1.0,-1.0,-0.46641484308157816,-0.3074067496815094,-0.6705103455515806,-0.09990750450024179
1.0,0.763102958344396,0.19459037761186915,0.4185535943677484,-1.0,-0.174911509689595,2.991067768290177
0.16620307838039217,0.40304728122519795,1.0,1.0,0.23211603031018493,0.09517581557661058,-1.4009227039534107
0.7055918080055474,1.0,1.0,0.027647873471041695,-1.0,-1.0,0.6162112451978653
0.7953859964959042,1.0,0.9724586601910354,0.10996552365214729,0.07269579512400803,-0.7863637073842893,-1.0092184312174732
-0.5940661886252034,-0.48455657947264225,0.5568240176260668,-0.7477674064782345,0.5320482026840336,0.5408052032708011,0.7730444858203649
-0.027674154084430302,-0.30269706695017834,0.5025214002298072,-0.43042910705718174,-0.6337726934248333,0.06914335117537976,-0.0046266557306269
1.0,0.5155729097159052,0.0517453310051017,0.04000671698524516,-1.0,-0.40126963064405097,3.6453110416149412
-0.008146967927392779,1.0,-0.6224618923549772,1.0,0.7402045610629447,1.0,5.480248796040999
-0.7380633744209737,-0.28816777547382566,-1.0,-1.0,-0.19215041015306067,-0.8008496192753249,1.0942674711563676
0.34822064502540373,-0.33744319319072247,0.33694231794267687,-0.12428837178726704,-1.0,0.31145190610580875,1.682125585546888
1.0,0.6494295945251043,1.0,0.6418563985428842,-1.0,-0.677042504877642,6.452935334900159
0.909797568102275,0.8487225594610772,0.6010198563188736,-0.020896538004623322,-1.0,-1.0,5.501725738106775
1.0,0.4805810480780752,1.0,1.0,0.8733198876539329,0.355465737536147,-6.740358332275868
0.4727445193539075,0.39428693751450816,-1.0,-0.14077341938191756,1.0,0.6028410193792615,1.4225976515233374
0.9920612982477577,0.3366207237827742,1.0,0.5182520469376992,0.8429263318759299,1.0,-5.56641707758518
-1.0,-0.584359010899403,-0.16112726389821863,-1.0,-0.16771373608903395,-0.6131360012608942,0.7269264188674665
1.0,1.0,-0.5167582169062143,1.0,1.0,-0.9029144588870646,-1.2528246635146987
0.6050483223785217,-0.06269890724647319,0.1538398116899487,-0.609609465943763,-0.5350588484061587,-1.0,4.937955721704918
1.0,0.5401466709357909,1.0,0.6614466593616473,-0.6647209844427266,0.13294403710666056,1.6077225535766266
0.9115358751892229,0.24213342321232734,-0.4970718877694845,0.0785815483694271,-0.6963692760143423,-0.9738669325743647,4.524724596305834
1.0,0.05732942893945385,0.8223829402448559,-0.15978932256076078,-1.0,-1.0,7.883523900038015
1.0,0.7314901828397015,-0.5714307211486778,-0.30322005120704276,0.07520481687778424,-0.3511431466704893,0.01668934344295883
-0.5188026214647601,-1.0,-0.9512659023167986,-1.0,1.0,0.4502861486048563,-4.73549845863685
1.0,0.19921646035659424,1.0,0.20330977532379213,0.4774304878109928,-1.0,2.2023069663060477
-0.5489380037893402,-1.0,0.4305685592754178,-0.33506117092319054,0.6688697781528163,1.0,1.8817793206254922
0.6186833740072041,1.0,-0.30522786474430774,0.31181276696874655,0.2801060449977562,-1.0,3.3499792089168405
1.0,0.3412765770773184,0.5288724808054788,-0.6546770968693439,1.0,0.20552368243713884,-2.0729888489257315
1.0,0.04743414871212526,-0.41231639215694926,1.0,0.4507528074413749,0.9536307985867225,1.6096421068606306
-0.2759768404740997,0.7828753647795317,0.5382489756167562,0.7520028443354017,0.6376547252607918,1.0,1.11244033202358
0.40913298807961596,0.6417806857078612,0.7198186559382305,0.03546298303781853,0.012368276452575544,1.0,0.6224760693026635
-1.0,-0.039591836722929374,-0.3930288235156223,-0.7431239630780795,-1.0,-0.09071202348398355,-1.085837109284129
-1.0,0.12199186266062922,-1.0,1.0,0.37434573548625777,-0.7134548119751294,1.6945414935261252
-0.7515844104076927,-0.09669552356840211,-0.33914574440798734,-0.9039472812281699,-0.4463610118507636,-1.0,1.5065335671202018
1.0,0.4392911600454439,0.8205754242712433,0.9208522420125529,1.0,0.6997889131915087,-6.141104576204929
1.0,1.0,1.0,-0.28404819612971177,-1.0,-0.2653702265632313,1.5391492954943689
1.0,1.0,1.0,1.0,-1.0,-0.6874655955868134,7.777377522257
0.3955262183529075,0.2497795546023277,0.4326261286988313,-0.8878774979051979,-1.0,-0.4578337220960188,2.5527253794543228
1.0,0.6856984977546698,-0.4566882872002579,-1.0,-0.011221635189865298,-0.202075728571353,-0.31651579656558204
-1.0,-1.0,-0.05010384472896601,-1.0,-1.0,-1.0,7.000841973827191
0.006016343934235113,1.0,0.9038046370330066,0.20911660552948996,1.0,-0.09178294932978226,-3.202646574683645
-0.1764094051869337,-0.6401634578162505,-0.3881717850614943,-1.0,-1.0,0.8294664493322705,5.121352156241366
-0.27781369404114165,0.6318831731494153,0.06397918639896072,-0.11194902002464718,0.5923249569869271,1.0,4.429808786272379
-1.0,-0.8488006657723364,-0.1781089404684368,-1.0,1.0,1.0,2.324938185160005
-0.11859282497722101,-0.5556947390427498,-1.0,-0.6816159092581336,1.0,-0.48533709862878605,-0.7181854076881261
-0.9951910958865251,-0.002299320276117678,-1.0,-1.0,0.5679430531647777,-0.7699253850895551,2.1127898736337616
-1.0,-0.4346809730625253,0.08135076007970485,-0.968314887391631,-1.0,-0.7779841695609093,1.052596661455838
-0.42675143524750014,-0.9236128207250431,-0.26407028300174124,0.19810143385402745,-1.0,0.2677657690001062,-0.8597005505215609
-0.7584431627847603,-1.0,-0.7551921945189382,-1.0,-0.29331776275531873,0.05934801819169805,-3.3318849296134876
-0.5150900648922057,-0.023690151380110436,-1.0,-0.9742802735178715,0.5670319065463802,1.0,7.040593600440053
-1.0,-0.8756699000810675,-0.6037443897004416,-1.0,0.9489585565280355,-0.47698962917330945,1.464782409097212
-0.7045573050271566,-0.14434086205279967,-1.0,-1.0,-1.0,-1.0,1.8549980310957515
1.0,0.6749746364767641,0.27155780312585764,0.4861414213399311,-0.19113711959905655,0.7304258424417511,1.50135799055795
1.0,-0.004132023085038794,-0.5387633846657786,1.0,0.06229623862298572,0.962802338085035,1.880683088930255
0.7957452654200303,0.03006557899774743,-0.3813276830507337,0.26885127275215037,-0.8419657262998366,-1.0,4.52974890619649
0.08586588369134954,-1.0,-0.9518983624515602,-0.9191305508872514,-0.23361582374079212,1.0,1.7554790671709262
-0.24203729981305633,-1.0,-0.0033056603864907164,-1.0,0.12191985233493874,-0.007197516521209257,-0.5439736858934441
0.7432908528336475,0.9665606800195023,0.9501977650741231,0.751962067525185,0.8849863130136095,0.3202758097734131,-6.3641109975987975
0.5830268335593363,0.8660507269776616,-0.22446063394370586,-0.16725334991980412,0.5422021154003921,0.3363641728068524,-0.2013196030479953
1.0,1.0,0.9479996965006572,1.0,-0.7312163256368381,0.3171094131280455,2.0423616738886614
0.49515308773072186,-0.4805850209276836,1.0,0.7063518660080385,1.0,0.7924556372867737,-3.853783243012779
0.3894248760625345,0.28684278359043064,-0.619718155696446,0.016780346984895944,1.0,-0.7539193648021031,-1.070838579816243
-0.38182841678501334,0.3473360639931906,-0.8145869268268846,0.9571417576951076,0.16762731664744468,-0.3875581465688137,-1.397046503671442
-0.10833666024496097,0.16437461628976835,1.0,1.0,-0.6000956881650255,-1.0,0.5360999630905438
-1.0,-0.4832025678204267,1.0,-0.15046275152286623,0.9369246775717137,-0.34852392060158083,1.6104221960164655
-0.1499004023853303,-1.0,0.4402649328499546,0.48969917573402433,0.35841641909435384,1.0,2.9427276305254426
-0.7824377997878136,0.7540148739124135,0.9053811260870419,-0.021365018520342782,1.0,-0.6426866124902905,-0.6013649365577344
-1.0,-0.019954343956572584,-1.0,1.0,0.3720662469988404,0.6120113785599397,1.3635610708680366
0.6337559702683357,1.0,1.0,1.0,1.0,1.0,-7.88257389235099
1.0,0.19280091963725376,0.41605495175062845,0.09583551516422462,-0.2818114662890834,-0.2750141581938058,2.2756340708573264
0.40217401739370395,0.48214296904056186,0.7574213861983173,-1.0,1.0,0.42810692817800766,-0.061070570354871845
0.4037815807229414,-0.04174470740423897,-0.8885964599374819,-0.6033257480644398,1.0,1.0,3.7883406183275667
0.1658479628506482,-0.21255900357686536,-0.5715662322602872,1.0,0.18586149846206146,0.7032738892889837,1.8132758879669602
-0.6074706299903779,-0.24392516602003922,-1.0,1.0,0.7665794683391445,0.7521007943506935,3.6569009378024746
0.6934881929358887,0.8450436966965738,1.0,0.6249587980318776,-0.8082653366254905,0.025587759909744268,1.0667537517009589
-0.23541867047144605,-0.9047349582725397,1.0,0.06251202499593872,0.9460644472690447,-0.09277243585915257,1.9486632147527738
1.0,0.7579285086228766,1.0,0.5755850217790426,-0.3210177572631443,-0.4011268459152757,2.219636722807029
1.0,-0.031106475742781303,-0.15916270808104344,0.7669667694016046,1.0,1.0,1.1058672425617295
1.0,1.0,0.24097419343711168,1.0,0.6514700930520384,-0.8246235283588648,1.1477415784124336
-0.025286058815557344,0.7008360588960589,-0.08311967760593841,-0.6261417230303729,-1.0,-1.0,0.7658451251180614
0.1280284116479864,1.0,1.0,1.0,-0.3666104306161331,0.9786076290796795,-5.7314715691375415
0.10716383695916365,0.9484446881781445,0.48073939280978206,-0.520900981546872,0.9261352412109416,0.2697160940641006,0.48057990344925255
0.22036934992255675,-0.19235508572624221,0.10871575885215432,0.7303120664379196,0.6968402165326437,0.5778311158053953,0.5518722955632402
-1.0,-0.2419763215105084,-0.420490892937587,0.4779722177824772,-0.1007810309209094,-1.0,2.869495673064489
1.0,0.7707320709836056,0.7225218806063289,0.48343680187163995,-0.30909834932398916,1.0,0.2465749044264245
-0.49182497294606864,0.15004881525030783,-0.6211108896199955,-0.17432360645732814,-0.13893997779605943,-1.0,2.8496867357819813
0.3498080422544908,1.0,0.08384809651460512,0.01763457865631382,-0.9795460067017603,-0.042474156607015034,1.5527138723340497
1.0,0.7267588285580164,1.0,0.043162934044575496,-0.6611535673024498,-0.9978850147117544,4.26503431752156
0.6974382569562849,1.0,1.0,0.7850445419941596,0.030668595888014183,1.0,-4.937547515882575
0.2369025114010091,-1.0,-1.0,-1.0,-0.2207656707937209,-0.3006697554136267,-2.68452296870008
0.6134635972290261,-0.3235778439012311,1.0,-0.8204252565359935,-1.0,0.489368518818454,2.021597928882927
0.6512821491257748,-0.11957877335326672,0.6838525346873479,0.34171133531172393,-0.19212508014854035,-0.6744957000233919,2.5192939126936698
0.9454070479738341,0.02572380899381499,0.5904733047111305,1.0,-0.591881083179115,-0.6177456820234816,4.0319262708182455
-0.9157837359470765,-0.38098557846771763,-0.37219312136222216,0.5544272189285501,1.0,0.7612817801914791,5.079199775224069
0.3832928408787024,-0.27838468121456617,0.16578705885494896,0.04705202669032593,-1.0,-1.0,4.4328105883875
-0.3004676002445239,-0.9958375923401854,1.0,0.7484960874514552,1.0,0.5450116238647377,-0.16770038887322014
1.0,-0.8284158052710422,-0.7566539719937688,0.8069305975603844,1.0,-0.1258483150150304,-4.764281561290229
-0.21114178747094003,-1.0,-0.03881447455219922,-0.4853186309753966,-0.9555010777532554,-0.29767403481144206,2.2338059031005293
-0.8206720951952315,-0.07229431871041786,0.806719430729965,-0.7159804719051746,-1.0,-0.8696022819446485,-0.7651474771671966
0.7358097790536822,0.24823142602406506,-0.3064281533215397,-0.25600434577368564,0.2543800504837497,1.0,2.7456729856399646
-0.8878653507335013,0.15521521994599152,0.5279759185504185,-1.0,1.0,-0.4756273194649992,4.764963334519459
-0.28009285764677666,-0.555604212763638,0.26297250753642215,0.6071825996221784,0.8036329124890462,-0.5489490959648751,1.3572470992330545
1.0,-0.6897246506585798,0.3171770428078948,-0.4606003761336759,-1.0,-1.0,10.75109565611764
1.0,-0.25855981135496064,-0.0002971028132659759,0.36241384682030486,-1.0,-0.5301289328139156,3.919759912315782
1.0,0.19112878272515804,0.16813974729341152,1.0,-0.7373144558666128,0.3542071073224948,2.509154966584396
0.20242438753360614,0.38510023803661025,-0.9277043163136294,0.74099154816073,-0.5309821319786834,0.6375032979372534,2.0180034334808683
0.42935906601408935,0.49028707226353496,-0.1136702292916063,-0.4139556830268596,1.0,-0.0035731906137098646,-0.08302701722159372
1.0,-0.4808352228609346,0.5153717321791336,0.09823150048081386,-0.669528888148633,-0.05779631906849336,2.934278029111591
0.14838644753209834,0.29208710822403106,-0.5661534111429584,0.28421180970868754,-0.5458213332924314,0.9847351227542946,4.3928424038245195
1.0,0.7484898622359386,0.01021066040034213,1.0,-0.5634756717370669,-0.6463964443097429,5.488625790911751
-0.7811085580994742,-1.0,-0.10878301770173959,0.1129472797011033,-1.0,0.12424619346793415,-1.5487869622785597
-0.8224893065044201,0.5851574896454874,1.0,-0.4993075379574175,1.0,0.02674126003715771,-0.6053410732122682
0.3531103704208267,0.45132052774148285,0.7791426072473752,0.9626392949002052,0.7875890618846104,0.7537925559168016,-1.5689593290653427
0.4665595031205516,1.0,1.0,0.7222165525180985,0.0766649691896108,0.3623824395503832,-3.7467672604760036
0.6179896571196674,-0.17424350355462104,1.0,-0.09469173860429908,1.0,1.0,-3.66529997062473
-1.0,-1.0,-1.0,-1.0,0.1951702522984179,0.9875255867979664,-2.516765776356348
-0.02316762304173764,-0.2659407678329423,-0.12939754697406547,-0.18253882506695138,-0.8428083427574209,-1.0,3.2312903266777373
-1.0,-0.9056210355532388,-0.34909830112792695,-0.33291120271487484,1.0,0.11268964625079578,1.4875362782796822
0.638324834349689,1.0,-0.31577017507678656,1.0,-0.2531177862252614,-0.4913280237230675,4.011473896092986
0.9654645787942844,0.08129713699492624,0.6038477311503078,1.0,-1.0,0.47706257538748287,2.902305711747707
-0.6986576183649018,1.0,1.0,-0.49052140276584555,-0.3747847093512565,-0.1138211316424918,-3.666302070937244
-0.3360117822706522,0.25975792102347794,-0.883833478690546,-0.4328110419481909,-0.4049444514242185,-1.0,2.823649217037212
1.0,0.8395351315685821,0.5833499765530048,0.9839032711903887,0.9778342924272776,1.0,-3.5962495861539034
-1.0,-1.0,-0.9803225418947381,-0.22204367623256682,-0.1905181526316015,0.6606439359354879,-1.994440815628714
-0.5684966051215479,0.576453725165148,1.0,0.39043121744237114,-1.0,0.08652623979347224,-3.332258600341781
-0.7445602048269008,0.3224846635168641,0.016613906967845204,-1.0,1.0,0.023442195963848778,4.77914934787709
0.19454981470508842,0.6917471227747928,-0.24566014260600524,0.5960588057985509,-0.27291135989407694,-0.04439346504503844,0.20659752265817216
-0.7453487052204153,-1.0,-0.21423253677434806,-1.0,-0.8018837640222329,0.8259884872708211,0.09143459609806631
0.43890395453064707,-0.8035832537690709,0.2752681673006415,0.9632929392834909,1.0,0.09538574152513835,-1.5690088682337469
0.6333773087408058,1.0,-0.3573993714762355,1.0,-0.2641137110428656,-0.65402291154492,4.4190551475500905
0.30147211818333763,0.539047856353202,-0.1428139996188531,-0.5863255246148029,-0.1441268669307707,-1.0,1.0934310023374756
1.0,1.0,1.0,1.0,-0.053805114524478115,-0.8322007764236519,0.953698430613126
-0.5855140923347338,0.6776820414426068,-0.45682529257055093,-1.0,0.3790353001043415,0.43190422902033965,1.9735025424550605
0.4420203625899213,1.0,1.0,1.0,1.0,0.1728170844771404,-6.5764839361809475
-0.46842398319981704,-0.09463303939271728,-0.8315171976227362,-0.9820908779772213,0.3105271822950638,0.1366350931971355,-0.7254688441200675
0.9067254835463104,1.0,0.4629759679096026,0.6713923017517542,-1.0,-0.4407451607221715,3.8200504572932257
0.664465224346895,-0.33670466398424503,0.5581759208993199,-0.40951603953067844,-0.060570954933518995,-0.010584010972722935,0.9056222355809267
-0.44861159566536046,-0.436330195345642,-0.8562786634727159,-1.0,0.8376740516326626,-0.4400253961133643,0.4869685531061434
1.0,0.7384677347180304,0.21067971219082637,0.8791254637084387,0.6073960860888326,0.443815213535361,-2.659972974754745
-0.07927496375297971,-1.0,-0.17249585679913548,-1.0,-0.41010430485186145,0.22459195455586653,0.6252132147121371
0.11216112144666845,-0.6183448134674898,0.5087434042197576,-1.0,-1.0,1.0,5.092291720551607
-1.0,-1.0,-0.004300740040515616,-0.6739554192395661,-0.8033244016699388,-0.9915823493614305,3.4588660155013247
1.0,-0.8408374039722813,1.0,-0.21738152919435128,1.0,1.0,-7.278404009811682
1.0,-0.15111872625873848,1.0,-0.4834862752808238,-0.802378350896481,0.6352381217302362,2.8164243485530274
-0.09608685274861273,0.5497468020739106,1.0,0.26987409282870023,0.28867769321432907,0.39080637511806177,-0.4873264299886526
-0.17839003824633518,0.5070712149972072,-0.6315412493887876,-0.7381497035903206,1.0,1.0,8.607120234235055
0.8346847727812514,-1.0,-1.0,0.3622229998787692,-0.6324414611572553,1.0,4.963058210747718
0.15729400339485622,0.6035030953893955,-0.8164615622965832,1.0,0.10068273448460541,-1.0,1.688153974046368
-0.9130167578598256,-0.05282558200593063,-0.4470716419636413,0.23537871057517576,1.0,1.0,7.189756522562188
-0.6125991364986973,-1.0,-1.0,-0.01687982166614921,0.7024161918550854,0.6825638849343262,-0.8093851941788647
-0.5631547103234654,0.7792114718634171,0.3874447915460143,-0.767073537438398,1.0,-0.34325380310819564,2.6755572851330784
-0.9078999871404871,1.0,-0.1691533273315539,-0.7346578938521526,0.9930780054273843,-0.605259277807844,3.3251243615704174
1.0,0.25971960290700186,0.7387299239942406,-0.3855988006821919,-1.0,0.780361594404496,4.000616478955855
0.13861260482425225,-0.48561126092544,0.014611994270509451,1.0,-0.7753774006704556,-0.5572890101745207,2.4316941849624234
-0.10519279830211725,-0.8603321932101078,-0.9343043492401468,-0.6568787299652761,-0.8067126577839868,0.7060158892807278,0.3493877950119586
1.0,0.5284935612414676,1.0,0.09408072784111354,0.1933572523296383,0.4297123127637308,-0.6881075827340329
1.0,1.0,0.08469168430038787,0.4484586126941217,-0.44457380419740067,1.0,4.415524887168836
-1.0,-1.0,-0.0629654346384066,-1.0,-1.0,-0.33636711456146345,3.5167685261176156
-0.19902900503238155,0.555909437599593,-0.2195289577116335,-0.4303442124856003,-0.8823394672475162,-0.18834067225277762,0.22461899544476704
-0.041837156874627766,0.40058980839678365,1.0,1.0,-0.5118334732944003,-0.9449835575901491,1.4468702432652667
-0.5133110902530522,-0.6210274331847985,0.04495086743556087,-0.0738445871633231,-0.4978080984398978,0.6979696218665152,-0.5085746336021539
-0.316464230609417,-0.9257336652910603,-0.6297369311972361,-0.7365311827356742,-0.9887130375730491,-0.09069082350617907,0.25412058875629323
1.0,-0.44211804453171516,1.0,0.9258258036651634,0.3986807734969673,0.1594373343737911,-1.6690469527002714
0.19820371086182795,0.8171842738159196,0.9672851289382223,0.6194871959988957,1.0,1.0,-2.5005523378809102
-0.6903071400148431,-1.0,-0.40588404184631166,-0.0824513813187913,0.7878715604057729,-0.805817089769501,3.1595973501482026
-1.0,-1.0,0.20296438717058607,-0.6415494157753581,1.0,1.0,3.004321469716383
1.0,1.0,1.0,1.0,0.2070817983585338,1.0,-6.813805806166023
-0.2507252331880615,0.09344765748971873,-0.9641039103858493,0.24622670576665473,1.0,0.10375786586651325,-0.3903473013332436
-0.0838818351894059,0.6263542612795896,-1.0,0.8906505540065506,1.0,0.7376254575209105,2.960681794964669
0.2895642019539868,0.6416212646441825,-0.19360003611842236,0.08265039198739277,-0.6155743952402504,0.39700187486524713,1.315830293762199
0.5058624304699446,1.0,-0.63057448095163,1.0,-0.661997642122639,-1.0,8.549549576380308
-1.0,0.05106599076269336,-1.0,-0.03196492793239747,0.451185029697464,1.0,8.939314299643959
-0.8911191380558972,-0.47555872172276326,-0.0013132800303226055,-1.0,-0.6618467570257747,1.0,-1.5706501960445218
-0.4963538608804474,1.0,0.6606496572512038,0.5147409086728683,0.020721223460969385,-0.9836423516274587,0.9971846642298627
0.3455754215438389,0.03014324702130944,0.1072259220931242,1.0,-0.2473252393985136,1.0,2.507726012787164
-0.3930864004771495,-0.8380866772281514,-1.0,0.07762910611925924,-0.5115007769670799,1.0,4.426683956566395
0.06062491884943366,0.36735191527958644,-1.0,-1.0,1.0,-0.41627016536528055,-0.05271928282474991
1.0,0.5083904533465697,0.8893364040588576,0.6628693612334189,0.36646197904699784,1.0,-3.081752483828354
0.48334697327901616,-1.0,-0.47416630435262214,-0.05235258079767796,-0.06499089331516217,0.5901326205645159,-1.2492152988350627
-1.0,-0.8342250088960199,0.34271660164928197,-0.6844668661454623,1.0,0.6859215609382752,1.6217925113028895
0.4561653921779572,0.23187394064454286,0.6102827266381603,0.4762407820636465,0.6036327709776864,-0.32695864670494185,-0.39763454298887024
0.2606090539439765,1.0,0.05242545801080589,0.11063942363404156,0.7707120466287405,1.0,4.379535999786471
1.0,1.0,1.0,-0.5951539032880322,0.05516666214863318,-0.904003365720157,-1.6311677384082524
0.24316983123930624,0.32111916186614153,-0.19524900392519018,1.0,-0.07891312589051308,0.8621284760460235,2.7295669557303697
1.0,1.0,-0.15073739516813778,1.0,0.6582506511252019,0.6095172176057484,-1.926244291803099
-0.12924497726551593,0.6224034598927632,1.0,1.0,0.9454027285066926,1.0,-1.666151458133241
-0.15427284082177795,1.0,0.2506147170040466,-0.5338622693457725,0.27024522207133894,0.8402834836573798,2.8571464745329034
1.0,-0.4136812185654347,1.0,1.0,1.0,0.10105184704384063,-5.355350427959999
1.0,0.23359849758700424,0.3016106458685308,1.0,0.49752531582848547,-0.6683930754948729,1.106411179904665
-1.0,-1.0,-0.15183967411273747,-1.0,0.5218169875318412,1.0,-1.3820475820345965
-1.0,-1.0,0.03419039787568723,-1.0,0.8757657900790791,0.6701713321646459,0.7792885364958919
0.1324495202817828,-0.18453109326486003,0.10750615097625102,0.28035044737119325,0.5078847620006726,1.0,2.8054362297175715
-0.5202330780711946,-1.0,-1.0,-0.14914507548815759,-0.3911782312937101,-0.1731093303986626,-4.190039983806401
0.87789202089624,0.33106710998983835,0.38131694628410573,1.0,0.427852020432779,-0.10825734045884555,-0.9090127492194231
1.0,0.6067168125895599,0.9837255123624173,0.9934646760858652,0.15183765616435674,-0.5410034873292637,-0.08401146200507562
1.0,1.0,0.14434708563202725,0.8455485951077584,-0.353770068293432,-0.6458973936044712,4.150746381742868
-1.0,-1.0,0.9674387805699879,1.0,0.1541659291583432,0.4096651740404225,-2.4198348874702162
-0.9483909541309679,-1.0,-1.0,-0.4087344763478029,-0.4968755823380747,-1.0,2.8357668931553976
-0.21692840453410045,0.1026650277202164,-1.0,0.321900399335624,-1.0,-0.17251578831949055,-1.663764405053141
0.37024088336473215,0.7438911315884096,0.8366513840489931,0.23809153293212604,-0.7122932867338634,-0.44056098976171254,0.4575977406874576
-1.0,0.019956887421924807,-0.3869482480913145,-0.9948280529363103,-1.0,-0.5117896528228081,-1.9262414815044404
-1.0,-1.0,-0.8101551964274796,-0.9209862506365821,0.3725405976021243,-0.2066621606213031,-4.7039984991372705
-0.49069787114743224,-0.10792403757759872,-1.0,-1.0,-0.922662550112075,-1.0,2.203268059523759
-1.0,0.031085384894344197,-0.41022725256884995,1.0,0.8572824166353313,-0.704624453849349,3.6774536161877096
-0.7693041940106488,-0.33502691859685807,-0.481707758642517,-1.0,-0.6651837301679593,-0.9902043198172774,1.9348189698759461
0.9441203215988547,0.06717367793910878,0.9750605581477956,1.0,1.0,-0.3895705266015737,-3.7575137720076115
-0.5893963527387731,-0.33367768697672373,-1.0,-0.46502316286844514,-0.5808000334833252,-1.0,3.468639934378899
-1.0,-0.9607295447448054,0.8271092579626546,-0.6058333460613821,-1.0,-0.42232830509926006,2.4828734451685164
0.12437555548425439,-0.9269602464286886,1.0,-1.0,-0.20655105488455694,0.5006464457510986,-0.19860177506114352
0.7174890977616372,0.6518011953790734,-0.020357879901146347,0.9454565123244192,-1.0,-0.8955245005627543,6.475647584498883
-0.9243625443790311,-0.4832076568199908,0.1666893080752283,-1.0,1.0,0.03481324889993519,4.045793690567684
0.23550438525363962,-0.22357921928252023,0.9563568371139042,0.5506226726997858,-0.07208104272059812,0.10070922353168538,-0.09855349593469015
-0.6809200785255727,-0.4213505750270858,0.5844969580938708,1.0,1.0,0.5042883222690908,1.3516343787710987
-0.4015518707035177,-0.9489789011108178,-0.3892123700825592,1.0,0.37551521050033565,-0.7618181979512076,-0.4730401568240805
1.0,0.45712074696709437,1.0,0.3935989178130521,-0.7278644365222864,0.5307114560465447,1.5855782262438374
1.0,0.03633824141638886,-0.11661045200837533,-0.18280872561144224,-0.6453702028868349,-0.2975159824994533,1.638914047753453
-1.0,-0.8208186007874807,-1.0,-0.09108483269099676,-1.0,-1.0,0.7671176500209143
-0.3825395030166737,-0.7977807863064006,-0.35893936289326833,1.0,-1.0,-0.5711672184405792,0.7368385357661277
-0.4218439194218657,-0.6436443543672707,-1.0,-0.7707387609548932,0.3971003589209886,0.9083540268170041,2.959515310802185
-0.7263044790717006,0.6556659261160414,-0.7239726710719548,0.5030609269118628,-1.0,-0.3643665625318233,-1.925017083342866
0.12169015904850887,0.43802573835593833,-1.0,0.5904583765866032,-0.3165550315059089,-0.12416224740341608,0.35093733304764585
-0.13318720122071553,1.0,0.7144796996060934,-1.0,1.0,1.0,3.145028236269294
-1.0,-0.6030997542802696,-0.4973786106323197,-0.29751986522751095,-0.40640294837342283,-1.0,2.372355118220902
1.0,-1.0,-0.17447995862164184,-0.8118646684257804,-0.004729457357901756,-1.0,8.12009139683991
1.0,1.0,0.48787483226765227,1.0,-0.4217841518899411,0.5231029284638267,1.677064601883945
0.22821454805686492,-0.3007037532073051,1.0,0.18295249625760393,-0.863267178237461,-1.0,2.032161422776676
0.033474191649221795,-0.732583097329992,-1.0,0.2966208378250066,1.0,0.7368726647818145,1.132019255139829
-0.28372774500684406,0.06451244236992508,-0.0809095048718097,-0.45226879182382584,0.07573305023850035,-0.291053131256119,-0.1663481710547815
-1.0,-1.0,-0.617316039655516,-0.47048295794086936,1.0,0.1289042593627281,-0.6792682836826952
1.0,0.5754243928827958,0.8782616105103083,0.3686969879732489,-0.2827114110352157,0.19761293878825936,0.6713336637316448
0.19402101999454324,0.3374048264537986,0.9360077316650934,0.2863584557817712,-0.5975813841513231,0.6498389909492261,-0.25013926685704335
-0.21265307737221936,-0.6986713360175052,0.11249772058028754,0.205148846707044,-0.40258562617800764,-0.324369403512865,0.0954680700808282
-0.6868393658706131,-1.0,0.08365984096757317,-1.0,0.2494728619284972,0.2995619444696034,-0.9895234075529471
0.8629617048324976,0.6513975546884117,1.0,0.9066678099259473,-0.46227940804988865,-0.7617756944490974,3.9475654129547344
-0.6786954206696771,1.0,-0.6026275732127541,0.8203193105262659,-0.009166028377240273,-0.01831186788914063,0.7187279385823174
1.0,-0.23179716315555599,0.09110698018652867,0.8229181778318165,-0.8979160530489219,-0.9837007306136585,8.061922107113121
-1.0,-1.0,-1.0,-1.0,0.27611459577051856,-0.14784705115253793,-6.178824633954017
1.0,0.20448791564485136,1.0,1.0,-0.6963695889327695,1.0,0.7089938173585992
-0.36109223482554365,0.37876789212343764,-0.3810693924686922,0.9420298169848792,1.0,-0.2656651251647981,2.30726439141396
0.8183618888249109,1.0,0.4775343453923808,0.14677179930639261,-0.4081601774064826,-1.0,4.419859363160025
-1.0,-1.0,-1.0,-0.5576011115883652,-0.01611633279695912,0.07613412232021549,-5.4613451977192735
1.0,0.9569092728033445,0.6458362210410596,1.0,0.12345297197828575,-0.20396970258598546,-1.377609122967256
-1.0,-0.9138222430042937,-1.0,-0.9877600376727484,-1.0,-0.08984575599156042,-2.556666608467691
-0.24552504857905677,-1.0,1.0,-0.5423086741377198,0.928250464157051,0.24239592360981854,1.3813652650436388
1.0,1.0,-0.1509792966142638,0.9283552582202195,-0.314314518515756,-1.0,8.372582223129863
-0.5543328163488999,-0.09703609431194649,-1.0,-0.9961117931568808,0.9824798935822457,-0.20241394575774585,0.5305488100005016
-0.005523917482056717,-0.4215743562339954,-0.606948878115479,-0.05995355727111301,-0.455605277252727,0.15171094519675365,0.1353900601071388
-0.4354958931518181,-0.9226314139669793,0.47482443318494305,0.17429534449532402,0.747745012880625,0.684605841157367,2.585321674153831
0.16682114299733097,0.5429218387951289,-0.10972881286505953,1.0,1.0,0.7539008296813624,2.147749903913616
0.636485212103524,-0.041775083804058144,-0.262909079494258,0.4922270292077944,-0.3098726039736428,-1.0,4.195221343330896
-0.08272144286742322,0.3569646824058693,-0.09090181761511984,0.10040260270290036,0.05925016489861079,0.4756177573628303,0.25324962277222796
-1.0,0.5026649350613712,0.7678225511440936,-0.38913604741342356,1.0,1.0,2.2450801802099614
-0.1198625171859875,-0.9403644019853485,0.33501638850352244,1.0,-0.09946833418231069,0.2408148120159273,0.7981420379998836
-0.16412013148449042,1.0,0.9217691428762473,0.9215264980260274,-0.8951287351661499,-1.0,1.3191866502677594
1.0,0.4223587903202636,-0.9822357758911668,0.882812773441985,-0.6072748787913069,0.9875604730384784,5.991568660430409
0.3856402016482291,0.09221031812952155,-0.1416598792365345,0.8924733309379524,0.2436322816175594,-0.6899632531692539,1.341660136306644
-1.0,-1.0,-0.8959564147850501,-0.08505276731363365,1.0,-0.4350307810905034,-3.0841099178405726
0.11068300271444728,1.0,1.0,0.3883684937069507,0.2617392399015743,0.47839324651733084,-3.762917843488283
-1.0,-0.6978016325854891,0.23519041115985573,0.1440431952411637,-0.40368221044072483,-0.8220837270454456,1.4463360507187843
-0.9935786409719981,0.18782973426874405,-0.4808559599757958,0.8030905856003399,-0.5631710835488521,-1.0,1.9420900018013654
-0.4752407170334305,-0.48959881790825854,-0.8842399656339123,-1.0,-0.3024845918043005,0.42858336599054847,-1.7796824974565761
1.0,-1.0,-0.764589077381814,0.9096318507455894,0.445339046701301,-0.7427981266651384,-2.737000939862264
1.0,-0.8335272569569951,0.8733115064597006,-0.9145277808229857,-0.08438091025613581,0.42428975956986936,0.0017510100756266689
0.6156104530925666,0.8057686265527835,0.4309926259358532,0.9751954176535167,0.8422083626337863,1.0,0.45554304373234783
-0.6858890642630621,-0.999007078063127,0.8025228734238601,-0.7369076480186081,-0.4687077071846706,-0.45150599232836774,3.275133141643036
0.7110407274090081,0.10161405468543117,-0.30332834870143205,-0.3813908412394986,0.7692157117550011,0.5788028572942305,-0.22185624855433195
0.9042377624727158,0.9238774625596222,0.9430719335434758,0.6479619549277911,-0.03256392091742877,-0.2770145215639632,-1.4762853088999064
0.37503977672547556,0.9078800093325372,0.5064177277657199,0.26167157456518053,-0.3471299215470003,-0.46737941898470525,0.9991186258757792
0.30747825429155684,0.7986637137200714,1.0,1.0,-1.0,0.25031192654839496,-0.6082703929004717
0.2208215213835507,0.6726656319078593,-0.03598431643812938,0.8179887681199944,1.0,0.5016826833845306,0.3115280742818476
-0.030675306868976973,0.478644881935818,0.8207703103198045,0.07812065833006182,1.0,1.0,1.517634954269308
1.0,1.0,1.0,0.18985773897266278,1.0,1.0,-6.336771522269277
-0.09940022166747231,-1.0,-1.0,-0.1296752377939525,0.6135999533163875,1.0,3.607493518619879
0.36280485906592186,0.49700607674161956,0.5330087352123947,0.9642215813189604,-1.0,-0.4761078888529624,2.123487356653933
-0.7322786941576868,0.2631405558646851,-1.0,-0.9482330038512852,-0.10050281996146171,-1.0,3.5981256375731263
1.0,0.6236512756360786,1.0,1.0,0.8890970328620253,0.7828668102103327,-7.894521221785214
0.4536663635748379,0.8997152857534315,1.0,1.0,1.0,0.9953170569794417,-6.117452275547736
0.2312495413461888,0.7881763006934233,-0.03229234174073936,0.002867420072066973,1.0,0.07460028183661405,0.7833622570121355
-0.9428316030676338,-0.44099304479441126,-1.0,0.20107117466765267,-0.14359810308995935,-1.0,4.866064896644461
0.40353261957041997,-0.4190987992593922,0.7374098736747168,1.0,-1.0,-0.017683117092518463,1.0756804469119565
1.0,-0.3210906261324862,-1.0,0.12766069774305466,-0.5089122876468914,-1.0,4.7479528629913155
-1.0,-0.9280954483238679,-1.0,-0.7650246076618137,-0.45581788379209387,-0.1657415319155504,-4.5025354663064014
0.2847346980008174,0.4582021772517477,0.04513629899698968,1.0,1.0,0.12483291692570953,0.6336465408427646
1.0,0.5474522071830145,1.0,0.5056984381899281,0.45504679758073463,-0.7091250940492749,-0.6523421942515435
0.290643449024381,0.13361768824444642,-0.2668961228178659,1.0,-0.1723209566856267,-0.5930695056417209,1.468898812391917
-0.16722627424154884,0.9983778140628992,-1.0,-0.6128714056537177,-0.09733794496234238,1.0,12.481171678398452
-0.3262558909333165,-0.13619959145143534,-0.9799302668508132,-0.3459313727390074,-1.0,0.3075517171269164,-0.903659813951683
-1.0,-1.0,-1.0,-1.0,-0.35691103711837036,-0.9533794533117341,2.3986437909087117
-0.6359994728047369,-0.5350930353776856,0.5771535663160807,0.6274985255103043,-1.0,-1.0,1.4717599622314466
-1.0,-1.0,-0.35525632085078884,-0.5877466407753793,-0.030161115777887715,1.0,-0.1910430632071205
1.0,0.31322343391291896,0.8424687072266874,1.0,-1.0,-1.0,8.936007088572694
-1.0,-1.0,0.16450088053958178,-0.16870813647138552,-0.46918677230518124,-0.32869416267932205,0.6227056053530803
0.27116798998865366,0.2131785747772878,0.05986554921903364,0.5991260663279759,1.0,1.0,3.7958475294929936
-0.1744278506366212,-0.37251869537729854,-0.47218617213495073,1.0,-0.43502368449753903,0.27953610921295935,0.9920396041857455
-0.9438900072872939,0.8586380232238933,0.8881012451396275,-1.0,-0.5284154185193979,-0.5029003738245486,-4.465746929529
0.20546721711859728,-0.33754218217487264,-0.8063777827541636,0.22932247519594706,-0.9064757319247354,-1.0,3.0857173997354987
-0.5974658312826556,0.003362777383308757,0.5236986384781604,-0.2802142626521805,1.0,-0.5849328303650188,3.1548688642868745
0.35236915079319653,1.0,-0.8249728632331286,1.0,0.32942285982603914,-0.012141515744507975,0.189659183782637
0.11359013690569242,1.0,0.07488129204204186,0.5898123847821602,1.0,0.418711828691777,0.7751911531470255
0.6739342226296103,1.0,0.5943835595706375,0.9939675464730926,0.006810547768427433,-0.4617281700458816,0.9044269913095907
0.6985515852385638,-0.8812212255061964,-0.5379692984359897,0.6810060993631246,-1.0,0.16516382662450757,2.612845563141043
-0.7431070180791137,-0.302732277490396,-0.12989265712647974,-0.3310639437296039,-1.0,-0.08911606804597993,-1.1531806122723656
0.38102056722702626,-0.5825887830239713,0.2252436315525259,0.9315898445455745,-0.8749700538999683,-1.0,6.445357241911042
-0.8009015450178957,-0.24564142193786148,0.36540693913383593,-0.4626289435598312,0.9416002726686266,0.24479769263642215,1.4705658535849686
1.0,-0.05766892423514042,-0.2698395529642607,0.7293876951107477,-1.0,-1.0,6.593748467344992
0.8166680642345873,-0.23187062507310474,-1.0,0.32633832198879525,-1.0,-0.14223558014358573,4.38103556166498
-0.7333594298353397,-0.13232068194539104,0.343225526403131,-0.2585835209574751,-1.0,0.4749789291655672,-2.7050427257181076
1.0,0.20523043677213842,-1.0,0.5203911057038637,0.6253192163642456,0.4804751769277048,-1.6744960257468138
-1.0,0.14121026330863984,0.6970338991140363,1.0,-0.14376424455822123,-1.0,1.7208235573672945
-0.5496418507979839,0.2343658320585339,-1.0,-0.19054715795243982,-0.24486932948441742,0.7654585744334735,4.9452443868615195
-0.41832819317664205,-0.29458118680075085,-0.2991752884759227,-1.0,-1.0,-0.09319461197052137,0.31714670056980787
-0.38955479367031653,0.22709161932945696,0.6556394943792679,0.01932361820533557,0.19329519606983409,-0.5443788224135183,1.4438237558059481
0.9373210851929505,0.40527204466355204,0.7807627432906519,0.2752984896644781,0.5814940247371136,0.8596913310534672,-1.764522826302146
0.7730616296403204,-0.14719334785262927,-0.5161752954556773,-0.5401253311394272,1.0,1.0,1.3026739616726046
-0.752116195318433,-1.0,-1.0,-0.8489337495501339,-1.0,-1.0,3.680597135753861
-0.11509892874302247,-0.012602628417703425,1.0,-0.273088493317832,0.0596977223828003,1.0,-1.435151887659176
-1.0,-0.6873594204986598,-0.1057564894788412,-1.0,-1.0,-1.0,3.775068829451712
-1.0,-1.0,-1.0,-0.5934906975071361,-1.0,-0.09500892279330311,-4.321953737001534
-1.0,-0.6637142910329015,0.42569603169313375,-1.0,-0.31805667568613516,-0.18026854208527482,0.2872154940513833
1.0,1.0,0.20907715913378044,-0.09728817736532391,-0.7089239787953521,0.7550525141417062,3.3321725090792134
-0.09939839512098092,0.09277356408965881,0.12600653265383355,-1.0,0.3549896074240583,0.16818263397079075,0.7048645960058086
0.44081750104575446,0.0898871332545923,0.5000623843641885,0.6365468398089855,1.0,0.659588759442771,-1.6657166865894877
-0.9530460633615845,-0.27927528356339115,-0.7687378548813975,-0.5312730653705395,-0.12652717286645854,0.2394079479548703,-1.6220161805104278
0.4755154158646463,-0.29306085865290205,1.0,0.2507198017121723,0.5595510828675863,-0.08739006571420194,-0.6573186756125964
-1.0,-0.5006071187732675,-1.0,-1.0,-1.0,-1.0,3.2002455225867443
-0.7547456756426467,0.9505953818599264,0.3852901038955394,-0.38851367055508224,-1.0,1.0,1.084168688474624
0.5446399007281105,-0.014448648309419276,0.6603811737613963,0.39207900334081325,0.5409036280564724,0.3015096987710979,-1.1685738651108475
1.0,0.32846654055690594,0.6915544967631744,1.0,-0.7139621365382129,-1.0,8.040331013299436
-0.9427563381461999,-1.0,-1.0,-1.0,0.22345383544259884,0.05448238371093528,-7.389172966382131
-0.4221973498412758,0.8405464752338815,0.5385824559902199,-0.2683474925491592,0.8192191519654752,1.0,3.4164343656430414
-0.28156559420642147,-0.9662456426288114,-1.0,-0.2283173637612988,0.23342117893872838,1.0,3.3509933731546253
-0.9571016240034036,-1.0,-1.0,-1.0,0.9904357733400386,0.6372884003729178,-5.862010370499066
-1.0,0.2880369970872449,0.46917668024431425,-1.0,0.9899760535919899,0.8324451035532359,4.568308000557812
-0.29991347592808504,1.0,1.0,0.951634276821832,-0.21749118681260082,-0.16013831136267712,-4.682745269378181
-0.3853940426224778,-0.970182686919213,0.7115581642775828,-1.0,0.26324750773320316,-0.43998880701238624,2.6568639530387004
-0.8528217150866343,0.7776410053755737,-0.8212881012475108,-1.0,-0.33850182747628965,-0.4649336825287169,-0.24175021949367292
1.0,1.0,1.0,1.0,-0.5911856780832782,0.5375565319728446,0.13711677278493162
0.6602503117675895,0.49985277949428897,0.118665165866145,-0.766223817054309,-1.0,-1.0,5.688057761825253
0.007828731664269506,-0.008146828205560175,-0.008202903314063037,0.6223203312353498,-0.41206152811851765,0.02335507328477965,0.5835764877850694
-0.4429275312984228,-0.7785594401775088,0.37812996007162913,0.16796617551636572,-0.7025486015462701,-0.39587172477439925,0.33796854142125754
0.5273047596669476,-0.301900981872126,-1.0,-0.48949104925243325,-1.0,-1.0,4.13710900013451
0.9365874980489776,-0.5002839985881842,1.0,-0.017606456529243975,1.0,1.0,-7.163324536008067
1.0,0.5168975243021923,0.5161463533889401,1.0,-0.03894144735142191,-1.0,5.392094299326795
0.34355976080269324,1.0,1.0,0.2269290661708836,-0.26406341867938626,-1.0,-0.17296496112245438
0.7040846899983396,0.6826817548280519,1.0,0.8132736611154547,-0.11661081730453193,-0.6494753746824582,-0.03998340450012594
-0.012905531714412333,1.0,-0.491085075996569,0.9452589598630229,-1.0,1.0,6.14994825008054
0.14475534652857414,0.13868507064512076,1.0,0.07681854992286918,-0.41126673818417847,-0.045249934124397706,-0.103645243514388
-0.5487230863724818,-0.31070796504366527,-0.16561248244938764,-0.7432010157239023,0.3890872826914802,-0.09552091345060454,1.2675114790555186
0.69408284381518,0.30869115684068277,0.5521285537573443,-0.5639775309270025,-0.2222753803680824,0.44828254417986446,1.0099182747176403
0.9151343102718561,1.0,1.0,0.6831279353129242,0.5415796092389378,-1.0,-2.8645250297591676
0.21765509062153088,1.0,0.4132002105018193,1.0,0.5695014543829782,-0.14720438203248376,-1.7361422798719794
-0.37119072725128843,-0.06767019193380497,-0.2802597227580856,0.19697715617204925,-1.0,0.045416319871329214,-0.9190142523790665
-0.0780155889477604,-1.0,-0.3064265224563689,-0.5675331597891342,-0.23656772845506602,-0.14374124304768465,-0.5683299258534162
0.5866544377812535,1.0,0.28066454691468223,1.0,0.7110524293683949,0.4609450346636821,-2.1959260901285145
-0.6616249213270258,-0.6094184088855364,0.6073470474786895,0.45217539477223034,-1.0,-0.42483785097908305,-0.9284698716728856
-1.0,-1.0,-1.0,-0.811159546698685,0.26321839488248616,0.23023217860008238,-6.559687551586082
-1.0,-0.08667511878450784,-1.0,-1.0,0.6825990161016336,-0.11621512107023643,-1.1985622543803738
-0.5400892998320244,-0.45740936866954374,-0.4060800151095001,-0.30090213473480576,0.6274614735756205,-0.22263584567558836,0.7153444379314521
-1.0,-0.9385336738126264,-0.08813617118780376,-0.2263435981615921,-1.0,-1.0,1.7455672084950749
0.5230284523663206,-0.5349828079524127,1.0,0.6209416990619429,-0.20155223846227632,-0.6172261529572745,1.708205779684027
-0.23692021991187207,1.0,1.0,0.2405316603160264,1.0,-0.5211967668229657,-1.9123977892818176
0.8777985483422239,1.0,1.0,1.0,1.0,-0.4395165918963608,-6.106005989789965
-1.0,-0.5513012238002346,1.0,0.7386134860250446,-1.0,-1.0,-2.634071495472661
-0.5677945712864706,-0.3553832785851918,-0.23648204307095366,0.3322073766082554,1.0,1.0,5.835059425799344
0.2098652214828328,-0.2575215000914338,0.24303659252957407,0.7640341074825476,-1.0,-1.0,4.8752881086115005
-0.9694736556490113,-0.7776921043015612,-1.0,-1.0,-1.0,-1.0,4.997547733461736
0.7610160564786483,0.3096069108793479,0.16233636940789742,0.3768062202833542,0.1599206756151489,-1.0,4.743171690170447
-1.0,-1.0,-1.0,-0.5908530568911163,0.5558630115092063,0.23450482762478253,-6.176823515027351
-1.0,-1.0,-0.48139996233401194,-1.0,-0.19039080338930636,-0.3020871817582076,-1.2892936935122399
0.42062021644072667,-0.5323283563623094,0.2139526000103718,1.0,1.0,1.0,3.884572007941003
1.0,0.4286357864829564,1.0,1.0,-0.35093764233591446,0.7308630938329247,-0.333416505459182
0.5915924124894585,-0.4210188901208755,0.45907850839172265,-0.8644070474464957,0.9537360682739695,0.09976183966968577,-1.1174224187896948
-0.8732983591437242,-1.0,-0.3440912605873854,-1.0,-1.0,-0.31821197005327295,2.411330224229788
-0.7748308529573167,0.001164966800397571,-1.0,-0.20655253498057102,-0.5438731727978839,-0.377181834098687,-1.3119449945229755
-0.30155806251056694,0.013952897063859881,-0.24857134640730472,0.5006029652091544,-1.0,-0.4055115194691934,-0.3366079804163876
-0.10072992852431062,-0.7708204802663361,-1.0,0.6254911673852976,0.8014591387201282,0.9888682764932104,6.246398441024817
-0.4151703462571601,-0.5555527605865282,-0.955878401032711,-0.05833533978579242,0.14787280616776977,-0.9640870966428774,4.193402887779287
-0.11201395598897346,-0.8095652871302352,-1.0,-1.0,-1.0,-1.0,5.313562399997213
0.33035027593708577,-1.0,0.0077118838784740185,0.39996555089130703,-0.18247376364287082,-0.5214590008266277,1.0379549603886438
-1.0,-1.0,-1.0,-0.9954643075969223,-0.5036638191885983,-1.0,3.7026887747958903
-1.0,-0.311408627738789,-0.05520983917056055,-0.08031301715074868,0.2118489581945568,1.0,0.8814321923591617
-1.0,-0.307107713738222,-1.0,-0.7340008712877095,0.32596926078913613,-0.5941477031002491,0.2335879648551178
-1.0,-0.5935841706175835,-1.0,-0.5115193436966299,1.0,-0.0594659333162314,-2.635707089689308
-0.40114285999456467,0.2870062139929377,0.11352463454351125,0.6399819783529511,-0.8898688987056914,-1.0,1.0254254335686217
0.07752202425439036,-1.0,-1.0,0.4737835620230358,-0.5958706262112763,-1.0,0.8504804001496666
0.07717791639247062,0.41798373086879403,-1.0,0.4766623329098962,1.0,1.0,7.85100376324085
-0.8705453224707616,0.22911650485037258,-0.18456714175326216,-0.03219002966942841,-0.5313675667999169,-1.0,0.5234253302082856
0.564645125232808,0.20732243682146234,0.4236023145740857,0.48000993495061756,-0.3671629913293054,-0.23793427625790242,1.0058117182812962
-0.5170175095070011,0.045333929518598326,-0.9174168790414845,-0.9187891261342622,1.0,-1.0,4.1226054937753505
0.26770035618184485,-0.8546993859778353,-1.0,-0.23302250547419612,0.20508150017470472,0.41317369697496303,-0.5908506740059398
1.0,1.0,0.3930794162492851,1.0,0.5494737597841157,-0.15918728493642026,-1.093438462326716
0.5434616342572836,-0.37383608008055447,1.0,-0.7001479344702789,-1.0,-1.0,4.242398655010442
-0.34137783074911654,-1.0,-0.7889696535563195,-0.9467926157797182,-0.7906181172646707,0.11854480692071523,0.0815754227347717
-1.0,0.20880831272238232,-0.811214606472211,-0.47756036303365673,-1.0,-0.4446643776164658,-3.3050698110093144
0.13291478168312987,0.5867415711329109,1.0,1.0,-0.9843123093954552,0.6933175518551524,-2.1913031940876726
-0.35667547138587596,-0.6494218654624635,0.17185097747495265,0.08736543607043135,1.0,-0.22913391369319538,1.3122049439930406
-0.47078660197504346,-0.7644187549729051,1.0,-0.44033173204967796,-0.3396410736490528,-1.0,5.259071631890155
-0.021681774337095505,-0.15279270078053103,-0.868845824011177,0.7837436616316877,-1.0,-0.8334684891662997,0.8194321433402465
-1.0,-0.49276561246527417,-0.2773762081056243,-1.0,-0.14428538763918158,-0.5802447744263313,0.4234743737508919
-0.2418076406840728,0.8319199238027537,-0.9590990520834242,-0.8947444931586981,-0.16920941275297727,0.14540553871228168,1.0877745242861008
-0.045131703961857506,-1.0,-1.0,-0.6804549199713541,-1.0,-1.0,3.532739814793371
0.46444990562175825,-0.23265565056434462,0.18802375155568904,1.0,0.7298691185789749,-1.0,1.9536371760934492
0.9530393327312675,0.4224839889271068,0.40559914634298266,0.22096618865381645,-0.5989255524304112,0.893435747326051,2.8107184928001794
-0.3476922388239791,0.09243297322115407,0.6759950683389646,0.024081164005937305,1.0,-0.14680865627991502,0.035196227929902346
-0.09222735608957067,-1.0,-1.0,-1.0,-1.0,-0.7158842650910585,4.381015594197202
1.0,0.5296707370145067,0.5040445207986919,-0.08577048168922807,-0.14219872631241604,1.0,2.245407435570538
0.434182343722054,0.7828520254562881,0.5050341803690908,0.40138551123776556,-0.489955686418557,-0.3339023838589033,0.5835420724163415
0.01836977922050481,-0.20726616775819784,0.1627141398568861,-0.6431667693232238,-1.0,-1.0,3.173441848548442
-0.619105249360702,-0.0652124218046154,-1.0,-1.0,-1.0,-1.0,2.601933101145812
0.6795142760817834,1.0,1.0,0.5095871549924369,0.24561210649363607,0.991111038701204,-4.422948824315946
-0.260012174319336,-1.0,-0.058152722404154256,-0.4973173032606386,-0.2578190578016042,-1.0,4.821564390394772
1.0,0.02763746304953968,1.0,-0.42429641210227453,1.0,-0.0830326528151602,-3.2154525434237016
0.5878625163702729,-0.4347587828704268,1.0,0.8352657195284199,0.26712657222635183,-0.7113136023217719,0.6534966135813116
-0.7852351080249643,0.02061093248914947,0.40914253842527865,-0.1893880046761992,-1.0,-1.0,-2.0917483194279223
0.22931090770365226,-0.4428039111459585,-0.09989613782247428,0.9668972483937615,-1.0,1.0,5.358034399153554
0.4506009801739237,0.2836550354514944,1.0,1.0,0.02624896378215759,0.7730814242898212,-2.4070676324840687
-0.0638664927169118,-0.26264037220629466,-1.0,-1.0,0.8281850356571598,0.2774489876181848,-0.16832284138822476
-0.18842118575923283,0.4613183405131007,0.13184764337839927,-0.11752494063191493,-1.0,-0.9656393214052572,0.8444133507827798
-0.1546501372745126,-0.3547562107804225,-1.0,-1.0,0.8444176699463176,1.0,5.210563270601265
-1.0,-0.9570303202816646,-1.0,-0.49617416081043286,0.1837857094966161,0.4744225352530788,-3.6083328162749555
0.40548258278641935,0.18823822292662407,0.11985917547283301,0.3923971573685243,-0.3446821049632622,0.3910960909388975,1.2813993773263919
-0.6167213425291681,1.0,-0.22079449615191232,1.0,-0.7811136268038212,-1.0,4.246489067802964
-0.4210152023998162,-0.5892379612307664,-0.18847794820760533,-1.0,-1.0,0.7626765031051774,3.313119200724588
-0.03979224596753661,-0.8746902860151958,-0.7072220635519866,-0.5719349648349717,-0.6629907711018279,-0.9860019110617715,3.4404766486238896
0.1942872445165038,0.5065247888545689,0.042891303282190985,0.8780691880506184,-1.0,-0.4224718343162259,2.2523796707515418
0.5721588130823771,0.42580070326166986,0.3457183825286812,1.0,-1.0,0.6673774256244973,2.575334303901525
-1.0,-0.7633014723297697,-0.7189003125326567,-0.5141123072412115,1.0,-0.15804550577057164,0.2951905331574626
-0.20224830088711654,0.07301048940574388,-1.0,0.36142201425153775,0.9782558215060211,1.0,8.378133377890238
0.4086923323258603,0.19902652105767826,0.7067679732958989,1.0,1.0,-0.75725453601865,0.25872213834455204
-0.427756774038345,-0.780625880235531,-1.0,-0.6920523561030545,-0.14470888786688968,-0.12868510326907828,-2.085531917515732
0.7919081305006697,1.0,1.0,1.0,1.0,-0.09467354927105798,-6.4130809886822195
0.03458790944493878,0.8902884367415647,1.0,0.6738080191044133,1.0,0.9622776861011055,-2.8781959330413103
1.0,0.9342289195458234,1.0,0.39287495737128264,-0.17448003024534686,-0.34076182477777606,0.17324696778313153
1.0,-0.05849102596429344,1.0,-0.016142514602606156,-1.0,-0.2677939762379431,6.697307089482029
1.0,0.005287505923264768,-0.41906501617130376,0.04780398038282399,-0.13104700326680657,-0.22166062804534092,1.0351124273077352
-0.3078248181321037,-0.572260980755168,-1.0,-1.0,0.2798865296307582,0.17500457591978902,-1.8739638685439584
-0.1365890314934951,-0.8460423717641355,-1.0,-0.1747131082826885,-0.9329954404581141,-0.5251993925984251,-1.016362994511231
-0.6225058716818225,-0.18152735764195083,0.7807806027690837,0.37558752211296137,-0.20417923414933115,0.553393925733956,-1.8069253658408542
-0.741914056841482,1.0,0.5122122110932732,-0.5724468762664119,-0.4596402155664054,-0.4194756130078775,-2.193715485831994
-0.1204309308252699,-0.9145322466289545,-0.6885122184229513,-1.0,1.0,1.0,0.5801598864304596
-1.0,-1.0,-0.8064519600463697,-1.0,0.7667302241384246,0.10245997064187184,-4.950849231716058
-0.49417276025318807,0.9056314961216596,-0.07909502673587143,-0.3694437835127096,1.0,0.548872646247383,5.164553426650994
-1.0,-0.3663078062635119,-0.1663945991103255,-0.23674835074606415,0.5168765447936444,0.6432817535002153,0.9150877967216202
-0.44479856682799346,-0.5875459191058747,-1.0,-1.0,-0.3482904324483458,-1.0,4.43045869612828
1.0,0.6035200602490738,0.11422851861538208,-0.12637597732091446,-0.26783389168689853,-1.0,4.64030149644203
0.8519530306772352,-0.7905649264362471,-0.8803815333942221,-0.21397706169135122,-1.0,-1.0,7.0737175033217765
0.8013580515668106,0.9841946339288449,0.5602461639548949,1.0,-0.7838017613318469,-0.2980468246145558,3.3997426027899875
-1.0,-0.5483165350730224,-0.9345776524587931,-1.0,1.0,-0.5342609663576763,0.6947861805414376
0.3317355246507432,0.46223828783570875,0.3562613876140295,1.0,-0.6700654298230971,-1.0,4.89353317570591
0.16928716734044524,1.0,0.9040840747506564,1.0,-1.0,-1.0,3.031057318484681
1.0,1.0,0.10458577262657232,1.0,-0.027972421887323184,0.7101904648964412,0.8730124986503768
0.9990495128729748,0.025934901995330495,-0.20274267466348955,1.0,-0.19454305928453453,-0.006610538518805886,1.142794891535433
-0.4946828873581278,0.17803694118635238,-1.0,-0.5401165623863483,-0.6748301534309195,0.3836368557516931,0.10901176254096771
0.19401836295094133,0.18373889179092018,1.0,0.5031563519764921,0.12221715196217668,-1.0,2.2994513781023835
-0.3329170237411516,-0.20101454224830873,-0.7051078433627007,-1.0,0.43882562359315913,0.20013970126395342,1.0458891126479106
1.0,1.0,0.9450436177701542,-0.14789512662850324,0.8408854867875065,1.0,-3.9187136238097273
0.6041815129193142,-0.09806761420828014,-0.3656291361735151,-0.6579079501116211,0.7554756383690403,0.531126309601128,-0.7091896093488219
0.05550041879483947,0.48435681697226274,-0.08658760953066169,-0.4874922579589871,-0.8901330149902251,-0.2591975849560177,0.5435476881508398
-0.29793046891735214,1.0,-0.5604424791411678,1.0,1.0,0.8442230704116795,4.2553843809858565
1.0,1.0,-0.3342816561029482,0.6338690219567615,-0.6660757179560222,-0.17276117065573526,3.6640395991689862
-0.5485351026533476,-1.0,-0.265570711096358,-0.11604115727132047,-0.4488850716697689,0.5963533965943544,-0.6906580129288731
0.6207012249890403,1.0,1.0,0.848443373437259,0.9637791484017181,0.44353715204806954,-6.767510527888668
-0.24314224589376504,0.6255338320768395,0.580051814079879,0.34167773453043315,-1.0,-0.9416914426982769,0.9103700646314783
0.8022036246571869,-0.8052391402907808,-0.7669374685225309,-0.12366286224691472,-0.2222194803500334,-1.0,2.892482461440649
0.7765187645818007,0.8701591371996458,-0.6466193784305201,0.27677117847597466,0.045256859392302395,-1.0,2.3722362995759583
1.0,0.26323380990105405,0.2335666862139214,0.08870365140059588,-0.4951806398417306,-0.7812273498511046,4.263988419732057
1.0,1.0,0.8206266393122341,1.0,0.2514333880201605,1.0,-4.337497545109949
-0.709858250679027,0.14665943724431085,-0.2861016121072971,1.0,1.0,0.9351263053325002,7.848071933608382
-0.7221772482593887,1.0,1.0,1.0,-0.840258848558735,-0.6952616682831079,-1.7594954002961125
0.34668592718209157,1.0,0.2999686043464955,-0.5632738818597367,0.9520217522293266,-1.0,-0.4807518342869661
-0.08552552274385761,-0.5326544085252006,0.8977011157937338,-1.0,-1.0,-0.34849413627826964,3.6320598116044533
0.09949747530678771,0.27265828040486717,-0.32395002075764356,-0.44509144117127336,-0.3775398523493725,0.02818763377239193,-0.14871666253903887
-0.40045325833570766,-1.0,-0.7497195196743807,-0.8343904955000256,0.2890346291854028,0.30728529647860525,-3.893548079812577
-0.03318090761402481,-1.0,-1.0,-1.0,-1.0,-0.5959170323000401,3.2113922084900275
-0.4023837376787419,0.5418934241066977,1.0,1.0,0.7785725336709792,0.2515034666019022,-1.9701633569457568
0.665369756598102,1.0,1.0,1.0,-1.0,-0.8399972745684885,4.706766316216329
-0.395599743640892,-0.7636278757747345,-0.12261767955732483,-1.0,0.013324810477366833,-0.5287018713956682,1.3415746359433638
1.0,1.0,0.8067757451675741,0.6227805085916749,0.4600148278602565,0.5803398430963717,-5.1792357809322755
-1.0,-0.25066425041459484,0.21601623797520897,-0.32099280215292003,-0.3960790122999236,-1.0,2.2521004581888975
1.0,0.12740937889323112,0.18986962560488274,0.16027089460406818,0.22018874379023456,0.045714372303980566,-0.4572221859968826
-0.044155463330930345,-0.7540386745368384,0.8165741348087916,0.23530231600098098,-0.9747834432869715,1.0,0.31354924275353685
0.07843060541809166,-0.14208673433084762,-1.0,-1.0,-0.5257150069556631,1.0,6.248643554157194
-1.0,-1.0,-0.8063412093516475,-0.9406920473060485,-0.5232242154742488,-0.12009986813658868,-4.154266556137926
0.050732355784506855,-0.7862585279331173,0.20504186408273672,0.37329257470090965,-0.8314379737270675,0.35188167655676916,0.9040824115352848
-0.9050990433217829,-1.0,-1.0,0.7807303940976614,-0.22962216552610304,-0.22834163250297856,-5.074511664827913
-0.5260824347121797,-0.7599340008659318,-1.0,-0.7687836121591524,-0.3235827418265105,-1.0,4.276495643961417
0.400451526105126,-0.6819975321104879,-1.0,1.0,-0.777866998762396,0.5374293587744405,2.1049739879556215
1.0,1.0,1.0,1.0,0.5110804115725476,1.0,-8.53939344487752
-0.8546421073283483,-1.0,-0.25803282611721445,-0.6654031431836187,-1.0,-1.0,2.785719719946212
-0.6300362931071456,-0.8400971123857022,0.03203315482748806,0.16874367260211687,-0.05534636857745592,-0.1768180774645065,-0.016617642097590174
1.0,-0.9137394517642601,-0.11563227001268227,-0.23772720112444667,-1.0,-0.781841388437224,6.895790189278872
0.45563516197480347,-1.0,0.008604387868915181,-0.6702956298603426,-0.10325204946969066,-1.0,7.316330166888502
-1.0,0.035539487355876365,-0.15646284989138973,0.6382423984756257,0.6053370309923173,-0.20192887042020402,2.025135092975826
0.6366339021073226,0.8575961191287698,0.18159446667340395,1.0,-0.44092790968253537,-0.09025471430957455,2.5982813185990357
-0.03077062610295145,-0.31051849874775916,-0.15301541789142425,-0.30505675218281336,0.3593608864513238,0.24063037983450664,-0.30898199019389117
0.6489693588268726,1.0,1.0,1.0,0.24197215858009086,-0.038459396955862146,-4.581788544046079
1.0,-0.27170318951971106,0.609576968618751,1.0,0.03360502213335584,-0.13547716768749818,-1.2066132985612905
-0.46386397316041983,-1.0,-0.359465271095442,-0.47425476584200976,-1.0,-0.42046044724170484,1.328681315840322
-0.6795017339306888,-0.4900640455378439,-1.0,-1.0,1.0,0.7826327823247798,2.337754517176066
-1.0,-1.0,-0.9361789781587576,-0.018944928914692127,-1.0,-1.0,-0.3679344002443794
-0.10337194126042704,-1.0,-0.8390547585814556,-0.8790402709183949,0.4443379830552342,-0.2852573451585084,-2.3823705004529105
0.03737982568886417,0.5359903949465492,0.05801455604479744,0.13497867997377122,0.18686692718700443,-0.8975939868614929,2.403221230115121
1.0,0.5476003040832638,-0.8776354284511347,0.48770684029711275,-1.0,-0.7200490415748106,5.350385811347937
0.5624855120133285,1.0,0.3113350105392955,0.9468548540290938,-1.0,-0.9355210701705818,7.17395699890884
0.4659555842591204,-1.0,0.7914856499883984,-0.3660824220213402,0.7909389016974335,1.0,-1.723014381991454
1.0,-0.0736257030259515,0.5776676467826687,0.7093795991864632,-0.11522524901266462,0.3813739200036674,0.09179873824639487
-0.1463351236591981,0.6587229492231123,-0.17960470227798092,0.26670788439852205,-0.5709452378380349,1.0,2.6403371441630874
0.6202758463071281,1.0,0.45525465879874183,1.0,0.5726009524084478,1.0,-1.4667149161817454
0.1066412585912423,0.3559920074079017,-0.20195719791775812,-0.2124866629719049,1.0,1.0,4.81757006012392
1.0,0.39618717528280334,1.0,-0.19995291391844267,0.3521379229876891,0.42638578540624533,-1.5943097098140275
-0.7508163700070345,-0.9360834667405203,-0.5372809920538661,0.4615483834911547,0.0977235522461869,-1.0,1.7686932846345855
0.5277338723363607,0.10478743239683519,-0.20445788631348888,-0.1720444036301495,0.028742033508662557,-0.3954952031270986,0.9573074959005272
1.0,0.1638046760538204,-0.4656393944625143,0.7504217948191562,0.42395982962332823,-0.9149134547482906,-0.06891942783484706
-1.0,-0.5605946022152588,-1.0,-0.4760298948543191,0.6240109420981086,0.5970420541643998,-0.7652411194660312
0.6714519915115164,-0.4029396186775843,-0.7666537776577894,0.6277179185528158,-0.2846895406036809,-1.0,3.9288498307351074
-0.5320742410658268,-0.25900237711360263,0.40446512991095906,1.0,0.33029557421771283,-1.0,3.1866326251449566
-0.8651991891997477,0.33251714919473385,0.9849111302113158,-0.5882205550639843,1.0,1.0,-0.6468813327720865
-0.8210322515026307,-0.5328803088794386,-0.22789029575547332,-1.0,-0.8046655101195267,0.029626780921184724,0.6920981071492517
0.37306290950860643,1.0,0.4733751845138616,1.0,-0.1537203969425407,-0.48902133117031044,0.9423718137412467
0.2084993256965776,-0.17698621971405712,0.4607625027587872,-0.018272197753316954,-0.7450030386960567,0.8527117647361403,1.3379111638822416
-0.872524362730211,-0.3339326202889825,0.05219933205057625,0.10228211545811798,-0.3604045967076565,1.0,-0.4485833569520423
-0.695303706078997,-0.8112288724497937,0.33591537143868483,-1.0,-0.3705124330087033,-1.0,4.146825212540134
0.06288388049821991,-0.14639318063565643,0.28853690241632957,-1.0,-0.49125380618769066,0.737634974611125,1.3013777627866914
-0.5299190802727541,-0.5106897450884847,0.16488476091513157,0.4726072627267581,-0.8042817898891426,-0.6537178530535379,0.5136915891650722
0.29003451691020965,0.98331236597814,0.9727316197805684,1.0,-1.0,1.0,-2.45228348756472
0.7558409668497115,0.003409284866117801,1.0,0.8341075165938282,-0.005763536323823593,-0.5444710690384129,1.3570378027501004
1.0,-0.9488975325747677,-0.7869318563689276,1.0,-0.19907563527618377,-1.0,2.136036727271304
0.3407200517812699,0.3200919222054179,0.23192064352495864,-1.0,-0.8241191296437526,-1.0,3.283837101267648
0.012577170584043125,0.8931179379704904,0.12933739209905143,0.7114033774979177,0.2709179273652601,-1.0,3.0882762616345243
-0.2528750990458767,1.0,1.0,0.9538084780896147,1.0,-0.8251985869044023,-5.183072161747728
-1.0,-0.4644149653688419,0.41037606889156997,-0.138362483088865,-0.6482740054219986,-0.6859427012524,0.980496081362162
1.0,1.0,1.0,1.0,-0.28812113939415684,-1.0,4.147366542444273
0.04243347241285361,0.10186271722819204,1.0,0.7567180134538601,-1.0,-0.7492545312562815,-0.15518188632126007
0.052877855360741466,1.0,-1.0,0.8888350771461199,-1.0,-0.015986455865419913,3.1986214057396887
0.04983873586973908,-1.0,-0.5858453146711319,1.0,-1.0,-1.0,2.2146048450915514
0.9239717907749483,-0.34680630025651055,0.7842294608143366,0.6841948416659431,-0.43224286432361986,-0.2099266115288403,2.6493913054652554
-0.6570136181085664,0.07462935029382944,-1.0,-0.49711523234374566,0.03353992321275123,-0.29034315215540496,-0.2853134645620641
-1.0,-0.3428001736111901,-1.0,-1.0,-0.291778421913371,-0.10098506466774067,-2.388961720178263
1.0,-0.28409335490770793,-0.263234784968434,-0.18667310412750904,-0.29782181967270294,-0.8438708421650405,4.345978398792376
-1.0,-0.8547943228878614,-0.39336668054459156,0.4632002545708274,-0.5246158032273114,1.0,0.30600125892985064
1.0,-0.5661251826913773,0.08768859553380845,-0.8722782243226915,1.0,0.1371831362862419,-1.5015765378016213
-0.9905895536818549,0.5633615343000665,-1.0,-1.0,-0.0037501777324386865,0.6987912259111595,2.400831133420948
-1.0,-0.22213342286992768,-1.0,-0.017164652496752725,0.28267981108603607,0.005274020259130929,-0.95403590236336
0.5565803582007421,1.0,-0.39969117029284773,-0.02334162364746961,-1.0,-0.21254481964133531,2.778176949261392
-1.0,-1.0,-1.0,-0.7821119076272032,0.45502713374797255,0.1493907970837136,-6.307659244695756
-1.0,-0.03043520145868528,-0.8203374758502225,0.019863992577086653,0.5465820790286466,-1.0,6.303767635277088
-0.4158083698829251,0.2030690699106824,0.025023987998691766,-0.138386552054865,-0.43763958759506505,-1.0,2.8212485442592095
0.38447107263188673,-0.1480692929933773,-0.8689328040887789,-0.514067901556551,1.0,0.7780026614815624,1.5759849410683184
1.0,1.0,0.8704188074816741,0.9216607607988518,-0.6742020102956638,-0.2424976930265308,3.0876134370273656
1.0,1.0,0.983868560875323,1.0,0.6237889916805377,0.5092833653864346,-7.02267905396509
-0.9001762162193544,-1.0,-0.09444865438583616,0.22471780932235097,-0.2545750591995908,-1.0,3.078045511921183
-0.8060825701051448,-0.8935241894201074,-0.8372316337492375,0.7942240448485129,-0.8698127812666874,-0.6023063812059766,-4.5830661235077965
0.28647897813404866,0.6674849148003061,1.0,1.0,0.31721088291720734,0.9291753533455578,-3.658123360279819
1.0,1.0,1.0,0.772243868529638,-0.3836679756772081,-1.0,4.199577162181069
-1.0,-1.0,-0.3532432124420248,-1.0,-1.0,-0.7385980376342687,4.592027042282881
-1.0,-1.0,0.015121088792700799,-1.0,0.19546150249855124,0.8733121863107405,-4.73239352455419
0.16417028448937288,0.6951794397667439,1.0,0.09922556866962462,-0.6328040418600622,0.8839264420248079,-0.1088984772525865
-0.9947015800477296,-1.0,0.31667320507587904,-0.2723339622946481,0.9994289612529917,1.0,3.618967981147722
0.28358692681509134,0.425256765390292,0.40171301899565676,-1.0,1.0,0.2595434288707992,2.370574539786415
1.0,0.2683622364537661,1.0,0.9611128168270779,-1.0,1.0,3.2372913335846154
1.0,0.0821799333787851,1.0,-0.957430765227834,-1.0,0.7383933299815726,3.0509067082191224
-1.0,-1.0,-0.9773173632806567,-0.022413290955845877,1.0,-0.6943433027331578,-1.4155430026608582
0.6566746020346671,-0.3868509950793342,0.9117694594013477,-1.0,-1.0,0.10146535009058422,3.632208746651535
-0.7618175587624014,-0.48402016493979727,-0.9131187381776451,-1.0,0.9077795571305223,0.26133252543374536,-2.2321800885342684
-0.7311477629760761,1.0,-0.7327909272650668,1.0,-0.6472776769497917,1.0,3.7408833133314165
-0.3161788456875492,-1.0,1.0,-0.568351055989593,1.0,0.7767483720759121,-0.6431424377097245
-0.5921577736417768,1.0,1.0,0.952162741800598,-0.7913911087575157,-0.9702062184498466,-0.8797543693491434
-1.0,0.0038055663263842354,-1.0,-0.06259888227386656,0.5654951335505628,0.1921714085811989,-0.5515770015136328
0.4784908265155021,-1.0,0.07713729348344539,1.0,0.016369355955402953,-1.0,4.087798189065567
-0.5642449555876851,0.5409673814756699,-0.5338964350809904,0.5278794186632788,-1.0,-1.0,0.9618173007868323
-1.0,-0.7444748330746163,-0.972406960348105,-0.2051984044744961,1.0,1.0,5.63315255401056
-1.0,-1.0,-0.8400033376506747,-0.25555360078605416,0.48026411030683724,0.1137628193326028,-3.334727527694747
0.6595497281208137,0.03717912928030927,0.8200639760839271,0.5774098753602153,-0.009683221468564485,-0.8683636485863786,2.7542362573405272
-1.0,-1.0,1.0,-1.0,-0.8197470233714914,0.9352034573763854,-3.348117797514179
-1.0,-1.0,-0.3353429829853886,-1.0,-0.7455442902387799,0.11660232201966214,-0.6465705317100637
-1.0,-1.0,-1.0,-0.6933261789528715,0.4681527952168595,0.12293662428353747,-6.41723181633539
-0.1775042835594704,0.32838253312912213,1.0,0.4338065971471694,-0.33277384658516124,0.10919618196999042,-0.08522516950624914
0.3461980938789324,1.0,1.0,1.0,0.943668304742957,-1.0,-4.737902155882036
0.22513711846247278,0.48784673466057465,-0.20755698529460498,-1.0,0.3413146286617943,0.34872629187632825,0.07374786544933698
-1.0,-1.0,-0.6433329957762594,-0.7979599403643012,0.3349612815578955,0.7347600150152283,-2.8656322033563275
0.24199095516563418,0.04751434783100761,0.13774515504410517,-0.37876449316394467,1.0,0.6079840018231697,-0.26770739896190043
1.0,0.14712715251239694,1.0,0.17860123158519814,0.2865171931916283,1.0,-3.0811442129668483
0.35214921274048583,1.0,0.765121679930387,-0.49321199302475727,0.18064622030470057,-0.9658670801183604,-1.5743914696311767
-1.0,-1.0,-0.2906362230966886,-1.0,-0.5770033322800756,-0.5140232807041869,0.8710761876404056
-0.5462055216240451,-1.0,-1.0,-0.29949366092433893,-0.32918177177225216,-0.7068207127016524,-1.933243119453689
0.22642993410796453,-0.2655801939162432,1.0,-0.2457468925435613,0.5660030761352288,-0.03486095280475576,-0.3992419875105699
-0.008156736480025184,-0.7323540897780062,-0.6053791323001635,0.9561618672347654,-0.8003403708704009,0.272402543150081,0.9226273564094809
-1.0,-1.0,-1.0,-0.0333189853235889,-0.4414062230261817,-1.0,2.3640196190472884
-1.0,-0.921380689765021,-0.7104272321810923,-0.21174556165522773,0.8764086919993084,-0.7068191790042601,1.9312514235328981
0.41845388067220524,-0.8442531733224944,-0.09231307446331544,0.5174445536747321,-1.0,-0.17529968082141112,2.861512501815703
-0.1445141622035916,-0.0476571111877947,0.5888168320771352,-0.38435987613656386,0.7889971995437832,0.9088876323520956,0.3199280296939333
-0.1987864718708512,0.06953330476815767,1.0,0.44329375324643294,1.0,1.0,-0.1315063142212188
-0.5479173916325575,-0.608900272479181,-0.011857021325041503,-1.0,-0.9398954152991864,-0.17516818291198152,2.127217155497337
-1.0,-1.0,-0.19748765064133367,-1.0,-1.0,0.470748644429977,0.2652658862815359
-0.5813187848700805,-0.8408200128599742,-1.0,0.687860006061043,0.03913239252458911,-0.8882681492082185,0.4163475461571957
0.41261870984380533,1.0,1.0,1.0,-0.4188423586597763,0.4408466250694316,-2.493967509249315
-1.0,-1.0,-1.0,0.2674103188408744,-0.020628533142935,-0.10030405945757837,-4.02829604681404
0.15720562395595417,1.0,1.0,-0.7260110208703083,0.942054302752731,0.18859151890658432,-2.3439653080020038
0.27934766313109183,-0.038844099351060035,-0.2920548245512967,-1.0,-1.0,-1.0,3.9950329025646782
1.0,0.5413146832433713,0.6814268353733639,-0.7045069447409426,-1.0,1.0,6.883307729994771
1.0,0.05317787629012394,1.0,-0.5453870273111102,0.10062085562571566,-0.28885340161575457,0.9320679281100188
-0.8094966905416912,0.07816639961019099,-0.7366758320273825,1.0,1.0,-0.6356628948533946,1.8405589668547158
1.0,-0.9085164909296264,0.9204022984936673,0.3541830835928077,0.1854812445942564,-0.5279392602488042,3.4449838123734033
1.0,0.2474973032265833,0.9419885404117927,1.0,-0.3899402927981477,-1.0,5.743663386594794
-0.40188356165789507,-0.9863212581633967,0.8151469937895063,-0.26102320605420654,-1.0,-0.1522096236783943,1.948866386778835
0.08485874983543701,1.0,-0.28204096357393527,-0.3842237431072638,0.2663142873249764,-0.04541147298686027,-0.17493669818325885
-0.9385278172764746,-0.723633904848609,-0.3900012758432938,-0.524275888922699,-0.5338922518493894,-0.5591364254238758,-0.8801862593912207
1.0,0.3789297063092085,1.0,1.0,0.1277942558233487,0.04240991731185595,-1.7229229063334586
-0.6843036861172784,-0.9122148222870085,-1.0,-1.0,-0.9424172524057668,-1.0,4.652093263736251
-0.29817682401203827,0.06563660240932112,0.3040609674299569,-0.5233592919899613,0.4522973213963184,0.9549329841446028,1.8923134473018295
-1.0,-0.36848158423928434,-0.4687156751934056,0.18798523594621697,-1.0,-1.0,-0.44835284707326006
0.7642486920429787,0.3688181259693588,-0.070575451380531,1.0,0.8745299482987916,1.0,1.4780814901672714
-0.794526886525958,-1.0,-0.7811298471662491,-1.0,0.15631022289649224,0.7055010395139342,-5.567922904620835
0.002879588568845959,0.777943564781326,0.16512490699608895,0.10514797080582583,0.17720975797768768,-0.5500907030755978,1.34609771834754
-1.0,-0.23981505475586018,-1.0,-0.9070911609534398,0.44179505969659855,0.9461238550272871,4.694425275604441
-0.9921573388623456,1.0,0.559786976529101,0.9817538521716274,0.9954260940949682,0.899726449192203,-1.0019578974124916
0.19872516940055673,-0.3727853634433509,0.2445267440285297,0.7646728574993084,-0.31196339759360536,-0.6783139284144616,2.701119701977989
-0.6787075133977619,0.1014738073822978,-0.060571867746784136,0.0479089150638391,-0.5505302409302375,1.0,1.7254400875474438
-0.6128447637205052,-0.5091922626567489,-0.6250955235115252,-0.15676113389192042,1.0,-0.4788991524210404,1.082961762499037
-1.0,-0.19673022778696678,-0.4726229899972121,-0.662187500420544,0.6934467096851933,0.8963024570635341,3.4602616767081598
-0.9184839356582457,0.5468310041800832,-0.2758890943562283,-0.02070162231563022,1.0,0.35556104924401055,3.421545250901919
-0.8726349255348241,-0.3406430227883683,-0.7199517660273966,0.3394892503696638,-0.018514075655504225,-0.30424954116589864,-0.11843703855292478
-0.4872783206070176,0.12548323818686802,0.7200426110418373,-0.43477331341922104,0.02992273363139747,0.10673724173971899,-0.21883781286767784
0.15890876260791953,0.07798137067637373,1.0,-0.29132121816404644,-0.045529825623732534,0.9230113659202794,-1.239277193318803
0.0417728189813526,0.8828120155103177,-0.18618407557092798,-1.0,0.871985046382345,1.0,8.369736198487937
-0.32785455289428156,-0.942225305243984,-0.4528703558220657,-0.6227734988758722,-0.9965531811396395,-1.0,3.2943762073185208
1.0,0.2710777594278023,0.8886994711812141,0.3396715165610438,-0.07649389830287812,0.8282182953023947,-0.9531300666340766
-0.020140065466093315,-0.7368849898925958,0.6634282918569447,-1.0,1.0,0.9008279544219666,-1.2909448948180815
0.5580491139594367,-1.0,-0.10493344576839947,-1.0,0.4472455206766599,-0.33999653180336153,0.9528784982222631
0.2806396978710669,0.1535523341402666,-0.7057177388696749,-0.3862904873480769,-0.04383106945092896,-1.0,2.345308115331158
0.47976810023244654,-1.0,-0.13302439958277498,0.2708633983000782,0.9125544965431677,-0.8301122776996332,0.3489647099454065
0.9547476488582348,0.08745008810831201,1.0,0.9308042083721886,-1.0,-1.0,7.062794334192616
1.0,0.44193896787099884,0.6576663056584622,0.853411875021163,0.8965158113484379,1.0,-2.1221071988946854
1.0,0.517044699314638,-0.19714424128606078,0.8685222854464338,0.6155838383283027,-0.8911883943809712,0.9133651209366
0.09090434233873138,-0.02661491674167929,0.4144218935326216,0.20668001193065244,-1.0,-0.9813720374650267,2.4085473997781537
-0.27070902877738856,-1.0,-1.0,-1.0,0.008317090449265874,1.0,-0.2898275440565603
-0.8413300720656798,0.10298006960536099,0.2572499334561882,-0.05330420443178979,0.5389958769689722,1.0,2.6825009052405533
1.0,1.0,1.0,1.0,-0.18593244810259632,0.3266330387040457,-2.5916227425454195
0.9434612120534959,0.10534962122145697,0.4224416090418934,-0.2350541573813013,-0.6575245308315737,0.12075792665214302,1.164020691828891
-0.3871756793152713,-0.44079591374320237,0.9578807706532564,-0.902646501471884,-0.5627475804400328,-0.26278465675098855,0.8093019134072515
-1.0,0.1853054872764277,-0.01812145435827983,-0.2570205066857669,-0.020118596817665604,1.0,0.8716705325749499
1.0,1.0,0.6653701984438681,1.0,-1.0,0.4841689108139695,3.748511066315268
-0.49388111520346967,-1.0,-0.6789402866491347,-0.6314611097915043,1.0,-0.625657749170726,1.1729459744342852
-0.8232181565264916,-1.0,-0.08571833146957918,-0.6419926916442285,0.48956715427709757,-0.2019063420105378,1.619791039031997
0.5582836631305549,0.2560043612000221,-0.847223307887621,-0.8348090720686582,-0.7208659411731434,1.0,7.814450536538164
0.8962087790561332,1.0,0.8542641668547647,0.7052305131918477,1.0,-0.9745426844145884,-3.6648464981274382
0.3285822754199137,0.8259155181461071,-0.5527628179167731,-0.4095373460287834,-0.054261345644637526,0.9244448085400149,5.9028861799134535
-0.541502791888519,-0.9297532660144618,-1.0,0.15445222215645016,0.5888628694659901,-0.22885747388533426,-2.5631548304365595
0.0328087708372542,1.0,0.4509623645038132,1.0,1.0,0.6137480821398483,-1.697905505728227
-1.0,-0.025438361532201803,0.5588507507606704,-0.5037715831250784,1.0,0.18641211698366011,1.4422675793500526
-0.2335289920082746,-1.0,-0.4602277684533531,-1.0,-1.0,-1.0,7.383095001359794
-0.36687485475185555,-1.0,-0.3690267853222352,-0.32773755155112283,-0.120766412711586,0.26221771805238037,-1.118450471581746
-0.7887776218747775,-0.1748356274505969,-1.0,-0.7365277236909011,-1.0,-0.33738724651486174,-1.9635021066601925
-1.0,-1.0,0.40320011461018657,-1.0,0.1293757295083151,0.22719735938808325,-1.5395761443110358
-0.240591929859441,-0.8617370897778704,-0.2472353168677981,-0.4179391674291476,0.0658214505509912,1.0,1.0279972312753212
0.802954888698766,0.29907429452567014,0.10875560702960835,-0.12301178847677335,1.0,1.0,0.7082772079106587
-0.15079749387878705,0.6711635272156952,0.9187393202608027,0.6449157340345062,-0.5565924253170988,0.10557397551254544,-1.7203362975105816
-1.0,-0.7072227412982462,-0.8005554899454085,-0.09816336584444241,-0.004800517121524794,0.04025554396574238,-1.9811739744269714
-1.0,-1.0,-1.0,-1.0,1.0,0.22712737300767372,-7.474353973969652
-1.0,-0.28423476719730223,-1.0,-1.0,1.0,0.8845865182777606,5.479094540516857
-1.0,-1.0,-1.0,-1.0,-1.0,0.12191448572227637,-2.8353444865258433
-0.49356837414474636,-0.2604163561628636,0.0790972767959579,-0.7081264570245738,-0.6372363146652551,-0.06789939145233415,-0.2039520704775621
-0.7810665304284106,-0.9338433979303477,-0.47294803853499445,-0.30635385937558246,-0.09463026703680621,-0.8369336608483977,2.0613551217856276
0.1366748821179024,-1.0,1.0,-0.10667878004201926,1.0,1.0,-1.8619802659533153
-0.6625234097484565,0.04642631746680566,-1.0,0.5122600044112545,-0.6147858102018229,-0.6606760138132216,1.1577227200961493
1.0,-0.4797899569003388,0.6555518228544929,1.0,1.0,1.0,-0.9995572669733925
-0.33246110763222014,-0.8204526901323104,-1.0,-0.5423924843466754,-0.00810002474909588,-0.9041431716434719,2.704332781088553
0.9920017678177864,0.07081083610665617,0.6317958627500116,1.0,0.19221333259654494,-0.1075489311843667,-1.4670754848677356
0.0006858307228904126,-0.4324368926395681,-1.0,-1.0,0.6554241942220203,0.9711069449467491,3.2041045916835005
0.8445110167020333,-0.4484801620181561,0.3466271095423066,1.0,0.670289163907321,1.0,1.4038660679934698
1.0,0.052524344816893775,0.6031641001303271,1.0,-1.0,0.1680034727299277,3.776862494800637
-0.7403445526900845,-0.35222408373865627,0.933995563581603,0.9847437749755097,-1.0,-0.31361824951476336,-2.899265232901281
0.1887637639708899,1.0,0.45000412192951156,1.0,0.8334220850455976,-0.0015283564170459618,-2.6402194849327856
-0.7726301186916201,-0.5611314641441569,-0.17718483731408652,-1.0,0.7988142899191024,1.0,2.5837717175567585
1.0,1.0,1.0,0.5160793700839785,-1.0,-1.0,4.588572180550135
-0.1571887968660377,0.1624601722415713,-0.850394866355634,-1.0,0.31265615543981506,1.0,5.313102362288194
-0.4200290005708288,-1.0,0.3961275915648398,-0.3991924520262896,1.0,0.8826668947567584,2.8178558453634137
1.0,1.0,1.0,1.0,1.0,0.8880759563643149,-9.725979959620146
0.012775733630596753,-0.1213133224102764,-1.0,0.1261325151002812,-0.19094268741931575,-1.0,2.799755784645508
-1.0,0.6848263240980671,-0.4520861159100482,-0.02567277699071463,-1.0,0.10346776317160572,-2.795494347907499
-0.49227451930510085,1.0,0.5414738609698612,0.8292619807107231,0.8599312016906644,-0.227868603362672,-2.001666084984051
0.9499733486356057,0.22009748948940921,-0.5917803192939922,0.3058100588495989,1.0,1.0,0.8863329047201318
0.6344732961951587,-1.0,-1.0,-1.0,0.6430679206806856,1.0,-4.0335270784679595
0.24621225271758387,-1.0,1.0,-0.21169219611340012,0.19046335205065862,1.0,-0.1946762646642607
0.625814530236066,1.0,0.36992164931215255,-0.5767051722243103,1.0,-0.05749669162131331,-1.2225409907330056
-1.0,-0.6080307263388365,-1.0,-0.8939304468561081,-0.7398586714283211,0.055789786026608,-2.763225296115703
0.4390336478682171,0.35601888231381734,-0.22206976265942951,0.04471381538687225,0.7505475860772337,1.0,4.409167548313
0.9342586383205329,0.6740822299358158,1.0,0.06376770240316049,0.7515454300237179,0.3167974415614119,-2.454712188648617
-0.9909768844022004,-0.7897971943867816,-0.6267583153276375,-0.49076254768767624,-0.22457559670221727,0.16683404854398898,-2.0881002683548378
-0.927742437830669,-0.3960185999725927,-0.030323312478958864,-0.2257118836275429,-1.0,-1.0,-0.911455146577699
-0.29184305708838404,-1.0,-0.6528345645773225,1.0,-1.0,-0.2779543774623735,-0.8165996746498847
1.0,0.22554598468123133,0.0732393068139815,0.8154539056519643,1.0,0.09254733675519589,-1.9719261858728117
0.09388640118448946,-1.0,0.32586173291594084,-1.0,-0.2097461956720611,-0.8234948748729259,5.897138651394143
-0.7445638753829764,-0.9388526584955288,-0.618809228768658,-0.15900211464332759,-0.34672427689642193,-0.5248255913048365,-0.8318130105263042
0.19077460037072025,0.0984114174101911,-0.1996643784463259,1.0,0.589311203226573,0.08091969028934395,-0.024219266866949737
0.4392481046250224,-0.1760526259232067,-0.7813841730305745,0.5394035662272695,-1.0,0.6255878821295724,3.615397937455709
-0.0731517261486303,-0.9438011754954229,0.6803284304388392,-0.6104554277434959,-0.35156811539087673,0.9668636962865267,0.5489341084233488
-1.0,0.23111991213398814,-1.0,-1.0,-1.0,-1.0,1.329598294082706
1.0,0.23470339400012252,-0.24748796845703602,1.0,-0.165536760873431,0.45311538501548865,1.5714329542693228
-1.0,-0.6102569884831286,-0.4514317860191035,-0.2435428301761029,0.41528337183479924,-0.46382728974043713,1.633523447619731
-0.2574995381542231,-0.5801311982635602,-1.0,-0.45935948614086897,1.0,1.0,5.969289586966217
-0.7971465033228126,-1.0,-1.0,-1.0,0.045545758219097815,-0.4566935440864497,-4.227279411539554
-1.0,-0.25065358208766053,-1.0,-0.8060522163608643,0.09239869478771262,-1.0,5.536546528434212
0.8177148030855073,1.0,1.0,0.14256823391592888,-0.11406848421850768,0.5605669233449642,-3.012503103109086
-0.17247872467645764,-0.3713614021257732,-0.432607268429966,-1.0,0.41649460457623766,0.13408844047392587,0.6282000327568056
1.0,0.39007149083877835,0.9264780446023426,0.9982717142925244,1.0,0.1930190991165035,-5.970180818604474
-0.19003904367568913,0.5478967730609978,-0.36076067945933143,-1.0,-1.0,-1.0,-0.010358444822835322
1.0,1.0,1.0,-0.3320247934324174,1.0,0.9858555627234005,-3.722494674829176
-1.0,-0.5268433726190019,-0.9289095955719633,0.5307800712942397,0.17133168830206058,-0.05764107836838073,-1.736398240952866
0.5416589150444604,-1.0,0.4204769383180629,0.20077632211634455,-1.0,-1.0,9.438016187820324
-0.051154213857924215,0.8051326643320948,-0.5797466446243453,0.5304475488811982,-0.5754516916200876,0.3168358677993868,0.8609052173559276
0.2874994217346245,1.0,0.3897425271904036,-0.3592461119191295,-0.6091013667542593,-0.47556108682672904,-0.20524323144485684
1.0,1.0,-0.28461031081222804,-0.19397955641066122,0.2917247243157275,-0.5858401891690634,-0.10656910033988529
-1.0,0.5975527016914233,0.8353522720768591,0.15261425364681983,0.5675577173856121,0.2797900287079894,-1.1989640224561875
-0.936100261795508,-1.0,-1.0,0.05072346221302637,0.64204086307667,1.0,4.0801946135784055
0.967680084425157,0.9230070128961889,-0.41706368920035786,-0.11606631574737225,1.0,0.7752795008117581,1.6098469417593178
1.0,1.0,1.0,1.0,-0.29695843588376625,-0.3981249300412673,1.5757088461443227
-0.34695529735154274,-1.0,-0.29574080731825475,0.9933383658558727,-0.7852527767768411,1.0,4.119962705051591
0.6376275286564369,0.2582138482780112,0.05544557030227015,1.0,0.2959298959561214,0.8308843822836899,1.0451242683396684
-0.43741070133112214,-1.0,-0.022191847647931584,-0.7894684480307903,-0.9070947608788666,-1.0,4.76274203010282
0.22828612055714537,0.15351834121948515,-0.062408792445764916,0.8520207383365681,-1.0,-1.0,3.505576557100717
